No Vs 111	ET1	T	UNCERTAINTY BLOCK (per-point, 1sigma) -->
No Vs 111	EU1	T	B1
No Vs 111	EV1	T	B2
No Vs 111	EW1	T	B3
No Vs 111	EX1	T	VarC11
No Vs 111	EY1	T	VarC12
No Vs 111	EZ1	T	VarC44
No Vs 111	FA1	T	Cov1112
No Vs 111	FB1	T	Cov1144
No Vs 111	FC1	T	Cov1244
No Vs 111	FD1	T	GRg1
No Vs 111	FE1	T	GRg3
No Vs 111	FF1	T	GHg1
No Vs 111	FG1	T	GHg2
No Vs 111	FH1	T	GHg3
No Vs 111	FI1	T	sigC11
No Vs 111	FJ1	T	sigC12
No Vs 111	FK1	T	sigC44
No Vs 111	FL1	T	sigK
No Vs 111	FM1	T	sigGV
No Vs 111	FN1	T	sigGR
No Vs 111	FO1	T	sigGH
No Vs 111	ET2	F	=(0.02/$B$40)^2+9*(0.001/$B$38)^2+(Q2/M2)^2
No Vs 111	EU2	F	=4*(AG2)^2*(0.0002/F2)^2
No Vs 111	EV2	F	=4*(AH2)^2*(0.0002/G2)^2
No Vs 111	EW2	F	=4*(AF2)^2*(0.0002/H2)^2
No Vs 111	EX2	F	=(AG2)^2*ET2+1*EU2
No Vs 111	EY2	F	=(AI2)^2*ET2+0.25*EU2+4*EV2+2.25*EW2
No Vs 111	EZ2	F	=(AH2)^2*ET2+1*EV2
No Vs 111	FA2	F	=(AG2)*(AI2)*ET2+-0.5*EU2
No Vs 111	FB2	F	=(AG2)*(AH2)*ET2
No Vs 111	FC2	F	=(AI2)*(AH2)*ET2+-2*EV2
No Vs 111	FD2	F	=20*(AH2)^2/(3*((AG2)-(AI2))+4*(AH2))^2
No Vs 111	FE2	F	=15*((AG2)-(AI2))^2/(3*((AG2)-(AI2))+4*(AH2))^2
No Vs 111	FF2	F	=(0.2+FD2)/2
No Vs 111	FG2	F	=(-0.2-FD2)/2
No Vs 111	FH2	F	=(0.6+FE2)/2
No Vs 111	FI2	F	=SQRT(EX2)
No Vs 111	FJ2	F	=SQRT(EY2)
No Vs 111	FK2	F	=SQRT(EZ2)
No Vs 111	FL2	F	=SQRT(EX2/9+4*EY2/9+(4/9)*FA2)
No Vs 111	FM2	F	=SQRT((EX2+EY2+9*EZ2)/25+(-2*FA2+6*FB2-6*FC2)/25)
No Vs 111	FN2	F	=SQRT(FD2^2*(EX2+EY2)-2*FD2^2*FA2+FE2^2*EZ2+2*FD2*FE2*(FB2-FC2))
No Vs 111	FO2	F	=SQRT(FF2^2*EX2+FG2^2*EY2+FH2^2*EZ2+2*FF2*FG2*FA2+2*FF2*FH2*FB2+2*FG2*FH2*FC2)
No Vs 111	ET3	F	=(0.02/$B$40)^2+9*(0.001/$B$38)^2+(Q3/M3)^2
No Vs 111	EU3	F	=4*(AG3)^2*(0.0002/F3)^2
No Vs 111	EV3	F	=4*(AH3)^2*(0.0002/G3)^2
No Vs 111	EW3	F	=4*(AF3)^2*(0.0002/H3)^2
No Vs 111	EX3	F	=(AG3)^2*ET3+1*EU3
No Vs 111	EY3	F	=(AI3)^2*ET3+0.25*EU3+4*EV3+2.25*EW3
No Vs 111	EZ3	F	=(AH3)^2*ET3+1*EV3
No Vs 111	FA3	F	=(AG3)*(AI3)*ET3+-0.5*EU3
No Vs 111	FB3	F	=(AG3)*(AH3)*ET3
No Vs 111	FC3	F	=(AI3)*(AH3)*ET3+-2*EV3
No Vs 111	FD3	F	=20*(AH3)^2/(3*((AG3)-(AI3))+4*(AH3))^2
No Vs 111	FE3	F	=15*((AG3)-(AI3))^2/(3*((AG3)-(AI3))+4*(AH3))^2
No Vs 111	FF3	F	=(0.2+FD3)/2
No Vs 111	FG3	F	=(-0.2-FD3)/2
No Vs 111	FH3	F	=(0.6+FE3)/2
No Vs 111	FI3	F	=SQRT(EX3)
No Vs 111	FJ3	F	=SQRT(EY3)
No Vs 111	FK3	F	=SQRT(EZ3)
No Vs 111	FL3	F	=SQRT(EX3/9+4*EY3/9+(4/9)*FA3)
No Vs 111	FM3	F	=SQRT((EX3+EY3+9*EZ3)/25+(-2*FA3+6*FB3-6*FC3)/25)
No Vs 111	FN3	F	=SQRT(FD3^2*(EX3+EY3)-2*FD3^2*FA3+FE3^2*EZ3+2*FD3*FE3*(FB3-FC3))
No Vs 111	FO3	F	=SQRT(FF3^2*EX3+FG3^2*EY3+FH3^2*EZ3+2*FF3*FG3*FA3+2*FF3*FH3*FB3+2*FG3*FH3*FC3)
No Vs 111	ET4	F	=(0.02/$B$40)^2+9*(0.001/$B$38)^2+(Q4/M4)^2
No Vs 111	EU4	F	=4*(AG4)^2*(0.0002/F4)^2
No Vs 111	EV4	F	=4*(AH4)^2*(0.0002/G4)^2
No Vs 111	EW4	F	=4*(AF4)^2*(0.0002/H4)^2
No Vs 111	EX4	F	=(AG4)^2*ET4+1*EU4
No Vs 111	EY4	F	=(AI4)^2*ET4+0.25*EU4+4*EV4+2.25*EW4
No Vs 111	EZ4	F	=(AH4)^2*ET4+1*EV4
No Vs 111	FA4	F	=(AG4)*(AI4)*ET4+-0.5*EU4
No Vs 111	FB4	F	=(AG4)*(AH4)*ET4
No Vs 111	FC4	F	=(AI4)*(AH4)*ET4+-2*EV4
No Vs 111	FD4	F	=20*(AH4)^2/(3*((AG4)-(AI4))+4*(AH4))^2
No Vs 111	FE4	F	=15*((AG4)-(AI4))^2/(3*((AG4)-(AI4))+4*(AH4))^2
No Vs 111	FF4	F	=(0.2+FD4)/2
No Vs 111	FG4	F	=(-0.2-FD4)/2
No Vs 111	FH4	F	=(0.6+FE4)/2
No Vs 111	FI4	F	=SQRT(EX4)
No Vs 111	FJ4	F	=SQRT(EY4)
No Vs 111	FK4	F	=SQRT(EZ4)
No Vs 111	FL4	F	=SQRT(EX4/9+4*EY4/9+(4/9)*FA4)
No Vs 111	FM4	F	=SQRT((EX4+EY4+9*EZ4)/25+(-2*FA4+6*FB4-6*FC4)/25)
No Vs 111	FN4	F	=SQRT(FD4^2*(EX4+EY4)-2*FD4^2*FA4+FE4^2*EZ4+2*FD4*FE4*(FB4-FC4))
No Vs 111	FO4	F	=SQRT(FF4^2*EX4+FG4^2*EY4+FH4^2*EZ4+2*FF4*FG4*FA4+2*FF4*FH4*FB4+2*FG4*FH4*FC4)
No Vs 111	ET5	F	=(0.02/$B$40)^2+9*(0.001/$B$38)^2+(Q5/M5)^2
No Vs 111	EU5	F	=4*(AG5)^2*(0.0002/F5)^2
No Vs 111	EV5	F	=4*(AH5)^2*(0.0002/G5)^2
No Vs 111	EW5	F	=4*(AF5)^2*(0.0002/H5)^2
No Vs 111	EX5	F	=(AG5)^2*ET5+1*EU5
No Vs 111	EY5	F	=(AI5)^2*ET5+0.25*EU5+4*EV5+2.25*EW5
No Vs 111	EZ5	F	=(AH5)^2*ET5+1*EV5
No Vs 111	FA5	F	=(AG5)*(AI5)*ET5+-0.5*EU5
No Vs 111	FB5	F	=(AG5)*(AH5)*ET5
No Vs 111	FC5	F	=(AI5)*(AH5)*ET5+-2*EV5
No Vs 111	FD5	F	=20*(AH5)^2/(3*((AG5)-(AI5))+4*(AH5))^2
No Vs 111	FE5	F	=15*((AG5)-(AI5))^2/(3*((AG5)-(AI5))+4*(AH5))^2
No Vs 111	FF5	F	=(0.2+FD5)/2
No Vs 111	FG5	F	=(-0.2-FD5)/2
No Vs 111	FH5	F	=(0.6+FE5)/2
No Vs 111	FI5	F	=SQRT(EX5)
No Vs 111	FJ5	F	=SQRT(EY5)
No Vs 111	FK5	F	=SQRT(EZ5)
No Vs 111	FL5	F	=SQRT(EX5/9+4*EY5/9+(4/9)*FA5)
No Vs 111	FM5	F	=SQRT((EX5+EY5+9*EZ5)/25+(-2*FA5+6*FB5-6*FC5)/25)
No Vs 111	FN5	F	=SQRT(FD5^2*(EX5+EY5)-2*FD5^2*FA5+FE5^2*EZ5+2*FD5*FE5*(FB5-FC5))
No Vs 111	FO5	F	=SQRT(FF5^2*EX5+FG5^2*EY5+FH5^2*EZ5+2*FF5*FG5*FA5+2*FF5*FH5*FB5+2*FG5*FH5*FC5)
No Vs 111	ET6	F	=(0.02/$B$40)^2+9*(0.001/$B$38)^2+(Q6/M6)^2
No Vs 111	EU6	F	=4*(AG6)^2*(0.0002/F6)^2
No Vs 111	EV6	F	=4*(AH6)^2*(0.0002/G6)^2
No Vs 111	EW6	F	=4*(AF6)^2*(0.0002/H6)^2
No Vs 111	EX6	F	=(AG6)^2*ET6+1*EU6
No Vs 111	EY6	F	=(AI6)^2*ET6+0.25*EU6+4*EV6+2.25*EW6
No Vs 111	EZ6	F	=(AH6)^2*ET6+1*EV6
No Vs 111	FA6	F	=(AG6)*(AI6)*ET6+-0.5*EU6
No Vs 111	FB6	F	=(AG6)*(AH6)*ET6
No Vs 111	FC6	F	=(AI6)*(AH6)*ET6+-2*EV6
No Vs 111	FD6	F	=20*(AH6)^2/(3*((AG6)-(AI6))+4*(AH6))^2
No Vs 111	FE6	F	=15*((AG6)-(AI6))^2/(3*((AG6)-(AI6))+4*(AH6))^2
No Vs 111	FF6	F	=(0.2+FD6)/2
No Vs 111	FG6	F	=(-0.2-FD6)/2
No Vs 111	FH6	F	=(0.6+FE6)/2
No Vs 111	FI6	F	=SQRT(EX6)
No Vs 111	FJ6	F	=SQRT(EY6)
No Vs 111	FK6	F	=SQRT(EZ6)
No Vs 111	FL6	F	=SQRT(EX6/9+4*EY6/9+(4/9)*FA6)
No Vs 111	FM6	F	=SQRT((EX6+EY6+9*EZ6)/25+(-2*FA6+6*FB6-6*FC6)/25)
No Vs 111	FN6	F	=SQRT(FD6^2*(EX6+EY6)-2*FD6^2*FA6+FE6^2*EZ6+2*FD6*FE6*(FB6-FC6))
No Vs 111	FO6	F	=SQRT(FF6^2*EX6+FG6^2*EY6+FH6^2*EZ6+2*FF6*FG6*FA6+2*FF6*FH6*FB6+2*FG6*FH6*FC6)
No Vs 111	ET7	F	=(0.02/$B$40)^2+9*(0.001/$B$38)^2+(Q7/M7)^2
No Vs 111	EU7	F	=4*(AG7)^2*(0.0002/F7)^2
No Vs 111	EV7	F	=4*(AH7)^2*(0.0002/G7)^2
No Vs 111	EW7	F	=4*(AF7)^2*(0.0002/H7)^2
No Vs 111	EX7	F	=(AG7)^2*ET7+1*EU7
No Vs 111	EY7	F	=(AI7)^2*ET7+0.25*EU7+4*EV7+2.25*EW7
No Vs 111	EZ7	F	=(AH7)^2*ET7+1*EV7
No Vs 111	FA7	F	=(AG7)*(AI7)*ET7+-0.5*EU7
No Vs 111	FB7	F	=(AG7)*(AH7)*ET7
No Vs 111	FC7	F	=(AI7)*(AH7)*ET7+-2*EV7
No Vs 111	FD7	F	=20*(AH7)^2/(3*((AG7)-(AI7))+4*(AH7))^2
No Vs 111	FE7	F	=15*((AG7)-(AI7))^2/(3*((AG7)-(AI7))+4*(AH7))^2
No Vs 111	FF7	F	=(0.2+FD7)/2
No Vs 111	FG7	F	=(-0.2-FD7)/2
No Vs 111	FH7	F	=(0.6+FE7)/2
No Vs 111	FI7	F	=SQRT(EX7)
No Vs 111	FJ7	F	=SQRT(EY7)
No Vs 111	FK7	F	=SQRT(EZ7)
No Vs 111	FL7	F	=SQRT(EX7/9+4*EY7/9+(4/9)*FA7)
No Vs 111	FM7	F	=SQRT((EX7+EY7+9*EZ7)/25+(-2*FA7+6*FB7-6*FC7)/25)
No Vs 111	FN7	F	=SQRT(FD7^2*(EX7+EY7)-2*FD7^2*FA7+FE7^2*EZ7+2*FD7*FE7*(FB7-FC7))
No Vs 111	FO7	F	=SQRT(FF7^2*EX7+FG7^2*EY7+FH7^2*EZ7+2*FF7*FG7*FA7+2*FF7*FH7*FB7+2*FG7*FH7*FC7)
No Vs 111	ET8	F	=(0.02/$B$40)^2+9*(0.001/$B$38)^2+(Q8/M8)^2
No Vs 111	EU8	F	=4*(AG8)^2*(0.0002/F8)^2
No Vs 111	EV8	F	=4*(AH8)^2*(0.0002/G8)^2
No Vs 111	EW8	F	=4*(AF8)^2*(0.0002/H8)^2
No Vs 111	EX8	F	=(AG8)^2*ET8+1*EU8
No Vs 111	EY8	F	=(AI8)^2*ET8+0.25*EU8+4*EV8+2.25*EW8
No Vs 111	EZ8	F	=(AH8)^2*ET8+1*EV8
No Vs 111	FA8	F	=(AG8)*(AI8)*ET8+-0.5*EU8
No Vs 111	FB8	F	=(AG8)*(AH8)*ET8
No Vs 111	FC8	F	=(AI8)*(AH8)*ET8+-2*EV8
No Vs 111	FD8	F	=20*(AH8)^2/(3*((AG8)-(AI8))+4*(AH8))^2
No Vs 111	FE8	F	=15*((AG8)-(AI8))^2/(3*((AG8)-(AI8))+4*(AH8))^2
No Vs 111	FF8	F	=(0.2+FD8)/2
No Vs 111	FG8	F	=(-0.2-FD8)/2
No Vs 111	FH8	F	=(0.6+FE8)/2
No Vs 111	FI8	F	=SQRT(EX8)
No Vs 111	FJ8	F	=SQRT(EY8)
No Vs 111	FK8	F	=SQRT(EZ8)
No Vs 111	FL8	F	=SQRT(EX8/9+4*EY8/9+(4/9)*FA8)
No Vs 111	FM8	F	=SQRT((EX8+EY8+9*EZ8)/25+(-2*FA8+6*FB8-6*FC8)/25)
No Vs 111	FN8	F	=SQRT(FD8^2*(EX8+EY8)-2*FD8^2*FA8+FE8^2*EZ8+2*FD8*FE8*(FB8-FC8))
No Vs 111	FO8	F	=SQRT(FF8^2*EX8+FG8^2*EY8+FH8^2*EZ8+2*FF8*FG8*FA8+2*FF8*FH8*FB8+2*FG8*FH8*FC8)
No Vs 111	ET9	F	=(0.02/$B$40)^2+9*(0.001/$B$38)^2+(Q9/M9)^2
No Vs 111	EU9	F	=4*(AG9)^2*(0.0002/F9)^2
No Vs 111	EV9	F	=4*(AH9)^2*(0.0002/G9)^2
No Vs 111	EW9	F	=4*(AF9)^2*(0.0002/H9)^2
No Vs 111	EX9	F	=(AG9)^2*ET9+1*EU9
No Vs 111	EY9	F	=(AI9)^2*ET9+0.25*EU9+4*EV9+2.25*EW9
No Vs 111	EZ9	F	=(AH9)^2*ET9+1*EV9
No Vs 111	FA9	F	=(AG9)*(AI9)*ET9+-0.5*EU9
No Vs 111	FB9	F	=(AG9)*(AH9)*ET9
No Vs 111	FC9	F	=(AI9)*(AH9)*ET9+-2*EV9
No Vs 111	FD9	F	=20*(AH9)^2/(3*((AG9)-(AI9))+4*(AH9))^2
No Vs 111	FE9	F	=15*((AG9)-(AI9))^2/(3*((AG9)-(AI9))+4*(AH9))^2
No Vs 111	FF9	F	=(0.2+FD9)/2
No Vs 111	FG9	F	=(-0.2-FD9)/2
No Vs 111	FH9	F	=(0.6+FE9)/2
No Vs 111	FI9	F	=SQRT(EX9)
No Vs 111	FJ9	F	=SQRT(EY9)
No Vs 111	FK9	F	=SQRT(EZ9)
No Vs 111	FL9	F	=SQRT(EX9/9+4*EY9/9+(4/9)*FA9)
No Vs 111	FM9	F	=SQRT((EX9+EY9+9*EZ9)/25+(-2*FA9+6*FB9-6*FC9)/25)
No Vs 111	FN9	F	=SQRT(FD9^2*(EX9+EY9)-2*FD9^2*FA9+FE9^2*EZ9+2*FD9*FE9*(FB9-FC9))
No Vs 111	FO9	F	=SQRT(FF9^2*EX9+FG9^2*EY9+FH9^2*EZ9+2*FF9*FG9*FA9+2*FF9*FH9*FB9+2*FG9*FH9*FC9)
No Vs 111	ET10	F	=(0.02/$B$40)^2+9*(0.001/$B$38)^2+(Q10/M10)^2
No Vs 111	EU10	F	=4*(AG10)^2*(0.0002/F10)^2
No Vs 111	EV10	F	=4*(AH10)^2*(0.0002/G10)^2
No Vs 111	EW10	F	=4*(AF10)^2*(0.0002/H10)^2
No Vs 111	EX10	F	=(AG10)^2*ET10+1*EU10
No Vs 111	EY10	F	=(AI10)^2*ET10+0.25*EU10+4*EV10+2.25*EW10
No Vs 111	EZ10	F	=(AH10)^2*ET10+1*EV10
No Vs 111	FA10	F	=(AG10)*(AI10)*ET10+-0.5*EU10
No Vs 111	FB10	F	=(AG10)*(AH10)*ET10
No Vs 111	FC10	F	=(AI10)*(AH10)*ET10+-2*EV10
No Vs 111	FD10	F	=20*(AH10)^2/(3*((AG10)-(AI10))+4*(AH10))^2
No Vs 111	FE10	F	=15*((AG10)-(AI10))^2/(3*((AG10)-(AI10))+4*(AH10))^2
No Vs 111	FF10	F	=(0.2+FD10)/2
No Vs 111	FG10	F	=(-0.2-FD10)/2
No Vs 111	FH10	F	=(0.6+FE10)/2
No Vs 111	FI10	F	=SQRT(EX10)
No Vs 111	FJ10	F	=SQRT(EY10)
No Vs 111	FK10	F	=SQRT(EZ10)
No Vs 111	FL10	F	=SQRT(EX10/9+4*EY10/9+(4/9)*FA10)
No Vs 111	FM10	F	=SQRT((EX10+EY10+9*EZ10)/25+(-2*FA10+6*FB10-6*FC10)/25)
No Vs 111	FN10	F	=SQRT(FD10^2*(EX10+EY10)-2*FD10^2*FA10+FE10^2*EZ10+2*FD10*FE10*(FB10-FC10))
No Vs 111	FO10	F	=SQRT(FF10^2*EX10+FG10^2*EY10+FH10^2*EZ10+2*FF10*FG10*FA10+2*FF10*FH10*FB10+2*FG10*FH10*FC10)
No Vs 111	ET11	F	=(0.02/$B$40)^2+9*(0.001/$B$38)^2+(Q11/M11)^2
No Vs 111	EU11	F	=4*(AG11)^2*(0.0002/F11)^2
No Vs 111	EV11	F	=4*(AH11)^2*(0.0002/G11)^2
No Vs 111	EW11	F	=4*(AF11)^2*(0.0002/H11)^2
No Vs 111	EX11	F	=(AG11)^2*ET11+1*EU11
No Vs 111	EY11	F	=(AI11)^2*ET11+0.25*EU11+4*EV11+2.25*EW11
No Vs 111	EZ11	F	=(AH11)^2*ET11+1*EV11
No Vs 111	FA11	F	=(AG11)*(AI11)*ET11+-0.5*EU11
No Vs 111	FB11	F	=(AG11)*(AH11)*ET11
No Vs 111	FC11	F	=(AI11)*(AH11)*ET11+-2*EV11
No Vs 111	FD11	F	=20*(AH11)^2/(3*((AG11)-(AI11))+4*(AH11))^2
No Vs 111	FE11	F	=15*((AG11)-(AI11))^2/(3*((AG11)-(AI11))+4*(AH11))^2
No Vs 111	FF11	F	=(0.2+FD11)/2
No Vs 111	FG11	F	=(-0.2-FD11)/2
No Vs 111	FH11	F	=(0.6+FE11)/2
No Vs 111	FI11	F	=SQRT(EX11)
No Vs 111	FJ11	F	=SQRT(EY11)
No Vs 111	FK11	F	=SQRT(EZ11)
No Vs 111	FL11	F	=SQRT(EX11/9+4*EY11/9+(4/9)*FA11)
No Vs 111	FM11	F	=SQRT((EX11+EY11+9*EZ11)/25+(-2*FA11+6*FB11-6*FC11)/25)
No Vs 111	FN11	F	=SQRT(FD11^2*(EX11+EY11)-2*FD11^2*FA11+FE11^2*EZ11+2*FD11*FE11*(FB11-FC11))
No Vs 111	FO11	F	=SQRT(FF11^2*EX11+FG11^2*EY11+FH11^2*EZ11+2*FF11*FG11*FA11+2*FF11*FH11*FB11+2*FG11*FH11*FC11)
No Vs 111	ET12	F	=(0.02/$B$40)^2+9*(0.001/$B$38)^2+(Q12/M12)^2
No Vs 111	EU12	F	=4*(AG12)^2*(0.0002/F12)^2
No Vs 111	EV12	F	=4*(AH12)^2*(0.0002/G12)^2
No Vs 111	EW12	F	=4*(AF12)^2*(0.0002/H12)^2
No Vs 111	EX12	F	=(AG12)^2*ET12+1*EU12
No Vs 111	EY12	F	=(AI12)^2*ET12+0.25*EU12+4*EV12+2.25*EW12
No Vs 111	EZ12	F	=(AH12)^2*ET12+1*EV12
No Vs 111	FA12	F	=(AG12)*(AI12)*ET12+-0.5*EU12
No Vs 111	FB12	F	=(AG12)*(AH12)*ET12
No Vs 111	FC12	F	=(AI12)*(AH12)*ET12+-2*EV12
No Vs 111	FD12	F	=20*(AH12)^2/(3*((AG12)-(AI12))+4*(AH12))^2
No Vs 111	FE12	F	=15*((AG12)-(AI12))^2/(3*((AG12)-(AI12))+4*(AH12))^2
No Vs 111	FF12	F	=(0.2+FD12)/2
No Vs 111	FG12	F	=(-0.2-FD12)/2
No Vs 111	FH12	F	=(0.6+FE12)/2
No Vs 111	FI12	F	=SQRT(EX12)
No Vs 111	FJ12	F	=SQRT(EY12)
No Vs 111	FK12	F	=SQRT(EZ12)
No Vs 111	FL12	F	=SQRT(EX12/9+4*EY12/9+(4/9)*FA12)
No Vs 111	FM12	F	=SQRT((EX12+EY12+9*EZ12)/25+(-2*FA12+6*FB12-6*FC12)/25)
No Vs 111	FN12	F	=SQRT(FD12^2*(EX12+EY12)-2*FD12^2*FA12+FE12^2*EZ12+2*FD12*FE12*(FB12-FC12))
No Vs 111	FO12	F	=SQRT(FF12^2*EX12+FG12^2*EY12+FH12^2*EZ12+2*FF12*FG12*FA12+2*FF12*FH12*FB12+2*FG12*FH12*FC12)
No Vs 111	ET13	F	=(0.02/$B$40)^2+9*(0.001/$B$38)^2+(Q13/M13)^2
No Vs 111	EU13	F	=4*(AG13)^2*(0.0002/F13)^2
No Vs 111	EV13	F	=4*(AH13)^2*(0.0002/G13)^2
No Vs 111	EW13	F	=4*(AF13)^2*(0.0002/H13)^2
No Vs 111	EX13	F	=(AG13)^2*ET13+1*EU13
No Vs 111	EY13	F	=(AI13)^2*ET13+0.25*EU13+4*EV13+2.25*EW13
No Vs 111	EZ13	F	=(AH13)^2*ET13+1*EV13
No Vs 111	FA13	F	=(AG13)*(AI13)*ET13+-0.5*EU13
No Vs 111	FB13	F	=(AG13)*(AH13)*ET13
No Vs 111	FC13	F	=(AI13)*(AH13)*ET13+-2*EV13
No Vs 111	FD13	F	=20*(AH13)^2/(3*((AG13)-(AI13))+4*(AH13))^2
No Vs 111	FE13	F	=15*((AG13)-(AI13))^2/(3*((AG13)-(AI13))+4*(AH13))^2
No Vs 111	FF13	F	=(0.2+FD13)/2
No Vs 111	FG13	F	=(-0.2-FD13)/2
No Vs 111	FH13	F	=(0.6+FE13)/2
No Vs 111	FI13	F	=SQRT(EX13)
No Vs 111	FJ13	F	=SQRT(EY13)
No Vs 111	FK13	F	=SQRT(EZ13)
No Vs 111	FL13	F	=SQRT(EX13/9+4*EY13/9+(4/9)*FA13)
No Vs 111	FM13	F	=SQRT((EX13+EY13+9*EZ13)/25+(-2*FA13+6*FB13-6*FC13)/25)
No Vs 111	FN13	F	=SQRT(FD13^2*(EX13+EY13)-2*FD13^2*FA13+FE13^2*EZ13+2*FD13*FE13*(FB13-FC13))
No Vs 111	FO13	F	=SQRT(FF13^2*EX13+FG13^2*EY13+FH13^2*EZ13+2*FF13*FG13*FA13+2*FF13*FH13*FB13+2*FG13*FH13*FC13)
No Vs 111	ET14	F	=(0.02/$B$40)^2+9*(0.001/$B$38)^2+(Q14/M14)^2
No Vs 111	EU14	F	=4*(AG14)^2*(0.0002/F14)^2
No Vs 111	EV14	F	=4*(AH14)^2*(0.0002/G14)^2
No Vs 111	EW14	F	=4*(AF14)^2*(0.0002/H14)^2
No Vs 111	EX14	F	=(AG14)^2*ET14+1*EU14
No Vs 111	EY14	F	=(AI14)^2*ET14+0.25*EU14+4*EV14+2.25*EW14
No Vs 111	EZ14	F	=(AH14)^2*ET14+1*EV14
No Vs 111	FA14	F	=(AG14)*(AI14)*ET14+-0.5*EU14
No Vs 111	FB14	F	=(AG14)*(AH14)*ET14
No Vs 111	FC14	F	=(AI14)*(AH14)*ET14+-2*EV14
No Vs 111	FD14	F	=20*(AH14)^2/(3*((AG14)-(AI14))+4*(AH14))^2
No Vs 111	FE14	F	=15*((AG14)-(AI14))^2/(3*((AG14)-(AI14))+4*(AH14))^2
No Vs 111	FF14	F	=(0.2+FD14)/2
No Vs 111	FG14	F	=(-0.2-FD14)/2
No Vs 111	FH14	F	=(0.6+FE14)/2
No Vs 111	FI14	F	=SQRT(EX14)
No Vs 111	FJ14	F	=SQRT(EY14)
No Vs 111	FK14	F	=SQRT(EZ14)
No Vs 111	FL14	F	=SQRT(EX14/9+4*EY14/9+(4/9)*FA14)
No Vs 111	FM14	F	=SQRT((EX14+EY14+9*EZ14)/25+(-2*FA14+6*FB14-6*FC14)/25)
No Vs 111	FN14	F	=SQRT(FD14^2*(EX14+EY14)-2*FD14^2*FA14+FE14^2*EZ14+2*FD14*FE14*(FB14-FC14))
No Vs 111	FO14	F	=SQRT(FF14^2*EX14+FG14^2*EY14+FH14^2*EZ14+2*FF14*FG14*FA14+2*FF14*FH14*FB14+2*FG14*FH14*FC14)
No Vs 111	ET15	F	=(0.02/$B$40)^2+9*(0.001/$B$38)^2+(Q15/M15)^2
No Vs 111	EU15	F	=4*(AG15)^2*(0.0002/F15)^2
No Vs 111	EV15	F	=4*(AH15)^2*(0.0002/G15)^2
No Vs 111	EW15	F	=4*(AF15)^2*(0.0002/H15)^2
No Vs 111	EX15	F	=(AG15)^2*ET15+1*EU15
No Vs 111	EY15	F	=(AI15)^2*ET15+0.25*EU15+4*EV15+2.25*EW15
No Vs 111	EZ15	F	=(AH15)^2*ET15+1*EV15
No Vs 111	FA15	F	=(AG15)*(AI15)*ET15+-0.5*EU15
No Vs 111	FB15	F	=(AG15)*(AH15)*ET15
No Vs 111	FC15	F	=(AI15)*(AH15)*ET15+-2*EV15
No Vs 111	FD15	F	=20*(AH15)^2/(3*((AG15)-(AI15))+4*(AH15))^2
No Vs 111	FE15	F	=15*((AG15)-(AI15))^2/(3*((AG15)-(AI15))+4*(AH15))^2
No Vs 111	FF15	F	=(0.2+FD15)/2
No Vs 111	FG15	F	=(-0.2-FD15)/2
No Vs 111	FH15	F	=(0.6+FE15)/2
No Vs 111	FI15	F	=SQRT(EX15)
No Vs 111	FJ15	F	=SQRT(EY15)
No Vs 111	FK15	F	=SQRT(EZ15)
No Vs 111	FL15	F	=SQRT(EX15/9+4*EY15/9+(4/9)*FA15)
No Vs 111	FM15	F	=SQRT((EX15+EY15+9*EZ15)/25+(-2*FA15+6*FB15-6*FC15)/25)
No Vs 111	FN15	F	=SQRT(FD15^2*(EX15+EY15)-2*FD15^2*FA15+FE15^2*EZ15+2*FD15*FE15*(FB15-FC15))
No Vs 111	FO15	F	=SQRT(FF15^2*EX15+FG15^2*EY15+FH15^2*EZ15+2*FF15*FG15*FA15+2*FF15*FH15*FB15+2*FG15*FH15*FC15)
No Vs 111	ET16	F	=(0.02/$B$40)^2+9*(0.001/$B$38)^2+(Q16/M16)^2
No Vs 111	EU16	F	=4*(AG16)^2*(0.0002/F16)^2
No Vs 111	EV16	F	=4*(AH16)^2*(0.0002/G16)^2
No Vs 111	EW16	F	=4*(AF16)^2*(0.0002/H16)^2
No Vs 111	EX16	F	=(AG16)^2*ET16+1*EU16
No Vs 111	EY16	F	=(AI16)^2*ET16+0.25*EU16+4*EV16+2.25*EW16
No Vs 111	EZ16	F	=(AH16)^2*ET16+1*EV16
No Vs 111	FA16	F	=(AG16)*(AI16)*ET16+-0.5*EU16
No Vs 111	FB16	F	=(AG16)*(AH16)*ET16
No Vs 111	FC16	F	=(AI16)*(AH16)*ET16+-2*EV16
No Vs 111	FD16	F	=20*(AH16)^2/(3*((AG16)-(AI16))+4*(AH16))^2
No Vs 111	FE16	F	=15*((AG16)-(AI16))^2/(3*((AG16)-(AI16))+4*(AH16))^2
No Vs 111	FF16	F	=(0.2+FD16)/2
No Vs 111	FG16	F	=(-0.2-FD16)/2
No Vs 111	FH16	F	=(0.6+FE16)/2
No Vs 111	FI16	F	=SQRT(EX16)
No Vs 111	FJ16	F	=SQRT(EY16)
No Vs 111	FK16	F	=SQRT(EZ16)
No Vs 111	FL16	F	=SQRT(EX16/9+4*EY16/9+(4/9)*FA16)
No Vs 111	FM16	F	=SQRT((EX16+EY16+9*EZ16)/25+(-2*FA16+6*FB16-6*FC16)/25)
No Vs 111	FN16	F	=SQRT(FD16^2*(EX16+EY16)-2*FD16^2*FA16+FE16^2*EZ16+2*FD16*FE16*(FB16-FC16))
No Vs 111	FO16	F	=SQRT(FF16^2*EX16+FG16^2*EY16+FH16^2*EZ16+2*FF16*FG16*FA16+2*FF16*FH16*FB16+2*FG16*FH16*FC16)
No Vs 111	ET17	F	=(0.02/$B$40)^2+9*(0.001/$B$38)^2+(Q17/M17)^2
No Vs 111	EU17	F	=4*(AG17)^2*(0.0002/F17)^2
No Vs 111	EV17	F	=4*(AH17)^2*(0.0002/G17)^2
No Vs 111	EW17	F	=4*(AF17)^2*(0.0002/H17)^2
No Vs 111	EX17	F	=(AG17)^2*ET17+1*EU17
No Vs 111	EY17	F	=(AI17)^2*ET17+0.25*EU17+4*EV17+2.25*EW17
No Vs 111	EZ17	F	=(AH17)^2*ET17+1*EV17
No Vs 111	FA17	F	=(AG17)*(AI17)*ET17+-0.5*EU17
No Vs 111	FB17	F	=(AG17)*(AH17)*ET17
No Vs 111	FC17	F	=(AI17)*(AH17)*ET17+-2*EV17
No Vs 111	FD17	F	=20*(AH17)^2/(3*((AG17)-(AI17))+4*(AH17))^2
No Vs 111	FE17	F	=15*((AG17)-(AI17))^2/(3*((AG17)-(AI17))+4*(AH17))^2
No Vs 111	FF17	F	=(0.2+FD17)/2
No Vs 111	FG17	F	=(-0.2-FD17)/2
No Vs 111	FH17	F	=(0.6+FE17)/2
No Vs 111	FI17	F	=SQRT(EX17)
No Vs 111	FJ17	F	=SQRT(EY17)
No Vs 111	FK17	F	=SQRT(EZ17)
No Vs 111	FL17	F	=SQRT(EX17/9+4*EY17/9+(4/9)*FA17)
No Vs 111	FM17	F	=SQRT((EX17+EY17+9*EZ17)/25+(-2*FA17+6*FB17-6*FC17)/25)
No Vs 111	FN17	F	=SQRT(FD17^2*(EX17+EY17)-2*FD17^2*FA17+FE17^2*EZ17+2*FD17*FE17*(FB17-FC17))
No Vs 111	FO17	F	=SQRT(FF17^2*EX17+FG17^2*EY17+FH17^2*EZ17+2*FF17*FG17*FA17+2*FF17*FH17*FB17+2*FG17*FH17*FC17)
No Vs 111	ET18	F	=(0.02/$B$40)^2+9*(0.001/$B$38)^2+(Q18/M18)^2
No Vs 111	EU18	F	=4*(AG18)^2*(0.0002/F18)^2
No Vs 111	EV18	F	=4*(AH18)^2*(0.0002/G18)^2
No Vs 111	EW18	F	=4*(AF18)^2*(0.0002/H18)^2
No Vs 111	EX18	F	=(AG18)^2*ET18+1*EU18
No Vs 111	EY18	F	=(AI18)^2*ET18+0.25*EU18+4*EV18+2.25*EW18
No Vs 111	EZ18	F	=(AH18)^2*ET18+1*EV18
No Vs 111	FA18	F	=(AG18)*(AI18)*ET18+-0.5*EU18
No Vs 111	FB18	F	=(AG18)*(AH18)*ET18
No Vs 111	FC18	F	=(AI18)*(AH18)*ET18+-2*EV18
No Vs 111	FD18	F	=20*(AH18)^2/(3*((AG18)-(AI18))+4*(AH18))^2
No Vs 111	FE18	F	=15*((AG18)-(AI18))^2/(3*((AG18)-(AI18))+4*(AH18))^2
No Vs 111	FF18	F	=(0.2+FD18)/2
No Vs 111	FG18	F	=(-0.2-FD18)/2
No Vs 111	FH18	F	=(0.6+FE18)/2
No Vs 111	FI18	F	=SQRT(EX18)
No Vs 111	FJ18	F	=SQRT(EY18)
No Vs 111	FK18	F	=SQRT(EZ18)
No Vs 111	FL18	F	=SQRT(EX18/9+4*EY18/9+(4/9)*FA18)
No Vs 111	FM18	F	=SQRT((EX18+EY18+9*EZ18)/25+(-2*FA18+6*FB18-6*FC18)/25)
No Vs 111	FN18	F	=SQRT(FD18^2*(EX18+EY18)-2*FD18^2*FA18+FE18^2*EZ18+2*FD18*FE18*(FB18-FC18))
No Vs 111	FO18	F	=SQRT(FF18^2*EX18+FG18^2*EY18+FH18^2*EZ18+2*FF18*FG18*FA18+2*FF18*FH18*FB18+2*FG18*FH18*FC18)
No Vs 111	ET19	F	=(0.02/$B$40)^2+9*(0.001/$B$38)^2+(Q19/M19)^2
No Vs 111	EU19	F	=4*(AG19)^2*(0.0002/F19)^2
No Vs 111	EV19	F	=4*(AH19)^2*(0.0002/G19)^2
No Vs 111	EW19	F	=4*(AF19)^2*(0.0002/H19)^2
No Vs 111	EX19	F	=(AG19)^2*ET19+1*EU19
No Vs 111	EY19	F	=(AI19)^2*ET19+0.25*EU19+4*EV19+2.25*EW19
No Vs 111	EZ19	F	=(AH19)^2*ET19+1*EV19
No Vs 111	FA19	F	=(AG19)*(AI19)*ET19+-0.5*EU19
No Vs 111	FB19	F	=(AG19)*(AH19)*ET19
No Vs 111	FC19	F	=(AI19)*(AH19)*ET19+-2*EV19
No Vs 111	FD19	F	=20*(AH19)^2/(3*((AG19)-(AI19))+4*(AH19))^2
No Vs 111	FE19	F	=15*((AG19)-(AI19))^2/(3*((AG19)-(AI19))+4*(AH19))^2
No Vs 111	FF19	F	=(0.2+FD19)/2
No Vs 111	FG19	F	=(-0.2-FD19)/2
No Vs 111	FH19	F	=(0.6+FE19)/2
No Vs 111	FI19	F	=SQRT(EX19)
No Vs 111	FJ19	F	=SQRT(EY19)
No Vs 111	FK19	F	=SQRT(EZ19)
No Vs 111	FL19	F	=SQRT(EX19/9+4*EY19/9+(4/9)*FA19)
No Vs 111	FM19	F	=SQRT((EX19+EY19+9*EZ19)/25+(-2*FA19+6*FB19-6*FC19)/25)
No Vs 111	FN19	F	=SQRT(FD19^2*(EX19+EY19)-2*FD19^2*FA19+FE19^2*EZ19+2*FD19*FE19*(FB19-FC19))
No Vs 111	FO19	F	=SQRT(FF19^2*EX19+FG19^2*EY19+FH19^2*EZ19+2*FF19*FG19*FA19+2*FF19*FH19*FB19+2*FG19*FH19*FC19)
No Vs 111	ET20	F	=(0.02/$B$40)^2+9*(0.001/$B$38)^2+(Q20/M20)^2
No Vs 111	EU20	F	=4*(AG20)^2*(0.0002/F20)^2
No Vs 111	EV20	F	=4*(AH20)^2*(0.0002/G20)^2
No Vs 111	EW20	F	=4*(AF20)^2*(0.0002/H20)^2
No Vs 111	EX20	F	=(AG20)^2*ET20+1*EU20
No Vs 111	EY20	F	=(AI20)^2*ET20+0.25*EU20+4*EV20+2.25*EW20
No Vs 111	EZ20	F	=(AH20)^2*ET20+1*EV20
No Vs 111	FA20	F	=(AG20)*(AI20)*ET20+-0.5*EU20
No Vs 111	FB20	F	=(AG20)*(AH20)*ET20
No Vs 111	FC20	F	=(AI20)*(AH20)*ET20+-2*EV20
No Vs 111	FD20	F	=20*(AH20)^2/(3*((AG20)-(AI20))+4*(AH20))^2
No Vs 111	FE20	F	=15*((AG20)-(AI20))^2/(3*((AG20)-(AI20))+4*(AH20))^2
No Vs 111	FF20	F	=(0.2+FD20)/2
No Vs 111	FG20	F	=(-0.2-FD20)/2
No Vs 111	FH20	F	=(0.6+FE20)/2
No Vs 111	FI20	F	=SQRT(EX20)
No Vs 111	FJ20	F	=SQRT(EY20)
No Vs 111	FK20	F	=SQRT(EZ20)
No Vs 111	FL20	F	=SQRT(EX20/9+4*EY20/9+(4/9)*FA20)
No Vs 111	FM20	F	=SQRT((EX20+EY20+9*EZ20)/25+(-2*FA20+6*FB20-6*FC20)/25)
No Vs 111	FN20	F	=SQRT(FD20^2*(EX20+EY20)-2*FD20^2*FA20+FE20^2*EZ20+2*FD20*FE20*(FB20-FC20))
No Vs 111	FO20	F	=SQRT(FF20^2*EX20+FG20^2*EY20+FH20^2*EZ20+2*FF20*FG20*FA20+2*FF20*FH20*FB20+2*FG20*FH20*FC20)
No Vs 111	ET21	F	=(0.02/$B$40)^2+9*(0.001/$B$38)^2+(Q21/M21)^2
No Vs 111	EU21	F	=4*(AG21)^2*(0.0002/F21)^2
No Vs 111	EV21	F	=4*(AH21)^2*(0.0002/G21)^2
No Vs 111	EW21	F	=4*(AF21)^2*(0.0002/H21)^2
No Vs 111	EX21	F	=(AG21)^2*ET21+1*EU21
No Vs 111	EY21	F	=(AI21)^2*ET21+0.25*EU21+4*EV21+2.25*EW21
No Vs 111	EZ21	F	=(AH21)^2*ET21+1*EV21
No Vs 111	FA21	F	=(AG21)*(AI21)*ET21+-0.5*EU21
No Vs 111	FB21	F	=(AG21)*(AH21)*ET21
No Vs 111	FC21	F	=(AI21)*(AH21)*ET21+-2*EV21
No Vs 111	FD21	F	=20*(AH21)^2/(3*((AG21)-(AI21))+4*(AH21))^2
No Vs 111	FE21	F	=15*((AG21)-(AI21))^2/(3*((AG21)-(AI21))+4*(AH21))^2
No Vs 111	FF21	F	=(0.2+FD21)/2
No Vs 111	FG21	F	=(-0.2-FD21)/2
No Vs 111	FH21	F	=(0.6+FE21)/2
No Vs 111	FI21	F	=SQRT(EX21)
No Vs 111	FJ21	F	=SQRT(EY21)
No Vs 111	FK21	F	=SQRT(EZ21)
No Vs 111	FL21	F	=SQRT(EX21/9+4*EY21/9+(4/9)*FA21)
No Vs 111	FM21	F	=SQRT((EX21+EY21+9*EZ21)/25+(-2*FA21+6*FB21-6*FC21)/25)
No Vs 111	FN21	F	=SQRT(FD21^2*(EX21+EY21)-2*FD21^2*FA21+FE21^2*EZ21+2*FD21*FE21*(FB21-FC21))
No Vs 111	FO21	F	=SQRT(FF21^2*EX21+FG21^2*EY21+FH21^2*EZ21+2*FF21*FG21*FA21+2*FF21*FH21*FB21+2*FG21*FH21*FC21)
No Vs 111	ET22	F	=(0.02/$B$40)^2+9*(0.001/$B$38)^2+(Q22/M22)^2
No Vs 111	EU22	F	=4*(AG22)^2*(0.0002/F22)^2
No Vs 111	EV22	F	=4*(AH22)^2*(0.0002/G22)^2
No Vs 111	EW22	F	=4*(AF22)^2*(0.0002/H22)^2
No Vs 111	EX22	F	=(AG22)^2*ET22+1*EU22
No Vs 111	EY22	F	=(AI22)^2*ET22+0.25*EU22+4*EV22+2.25*EW22
No Vs 111	EZ22	F	=(AH22)^2*ET22+1*EV22
No Vs 111	FA22	F	=(AG22)*(AI22)*ET22+-0.5*EU22
No Vs 111	FB22	F	=(AG22)*(AH22)*ET22
No Vs 111	FC22	F	=(AI22)*(AH22)*ET22+-2*EV22
No Vs 111	FD22	F	=20*(AH22)^2/(3*((AG22)-(AI22))+4*(AH22))^2
No Vs 111	FE22	F	=15*((AG22)-(AI22))^2/(3*((AG22)-(AI22))+4*(AH22))^2
No Vs 111	FF22	F	=(0.2+FD22)/2
No Vs 111	FG22	F	=(-0.2-FD22)/2
No Vs 111	FH22	F	=(0.6+FE22)/2
No Vs 111	FI22	F	=SQRT(EX22)
No Vs 111	FJ22	F	=SQRT(EY22)
No Vs 111	FK22	F	=SQRT(EZ22)
No Vs 111	FL22	F	=SQRT(EX22/9+4*EY22/9+(4/9)*FA22)
No Vs 111	FM22	F	=SQRT((EX22+EY22+9*EZ22)/25+(-2*FA22+6*FB22-6*FC22)/25)
No Vs 111	FN22	F	=SQRT(FD22^2*(EX22+EY22)-2*FD22^2*FA22+FE22^2*EZ22+2*FD22*FE22*(FB22-FC22))
No Vs 111	FO22	F	=SQRT(FF22^2*EX22+FG22^2*EY22+FH22^2*EZ22+2*FF22*FG22*FA22+2*FF22*FH22*FB22+2*FG22*FH22*FC22)
No Vs 111	ET23	F	=(0.02/$B$40)^2+9*(0.001/$B$38)^2+(Q23/M23)^2
No Vs 111	EU23	F	=4*(AG23)^2*(0.0002/F23)^2
No Vs 111	EV23	F	=4*(AH23)^2*(0.0002/G23)^2
No Vs 111	EW23	F	=4*(AF23)^2*(0.0002/H23)^2
No Vs 111	EX23	F	=(AG23)^2*ET23+1*EU23
No Vs 111	EY23	F	=(AI23)^2*ET23+0.25*EU23+4*EV23+2.25*EW23
No Vs 111	EZ23	F	=(AH23)^2*ET23+1*EV23
No Vs 111	FA23	F	=(AG23)*(AI23)*ET23+-0.5*EU23
No Vs 111	FB23	F	=(AG23)*(AH23)*ET23
No Vs 111	FC23	F	=(AI23)*(AH23)*ET23+-2*EV23
No Vs 111	FD23	F	=20*(AH23)^2/(3*((AG23)-(AI23))+4*(AH23))^2
No Vs 111	FE23	F	=15*((AG23)-(AI23))^2/(3*((AG23)-(AI23))+4*(AH23))^2
No Vs 111	FF23	F	=(0.2+FD23)/2
No Vs 111	FG23	F	=(-0.2-FD23)/2
No Vs 111	FH23	F	=(0.6+FE23)/2
No Vs 111	FI23	F	=SQRT(EX23)
No Vs 111	FJ23	F	=SQRT(EY23)
No Vs 111	FK23	F	=SQRT(EZ23)
No Vs 111	FL23	F	=SQRT(EX23/9+4*EY23/9+(4/9)*FA23)
No Vs 111	FM23	F	=SQRT((EX23+EY23+9*EZ23)/25+(-2*FA23+6*FB23-6*FC23)/25)
No Vs 111	FN23	F	=SQRT(FD23^2*(EX23+EY23)-2*FD23^2*FA23+FE23^2*EZ23+2*FD23*FE23*(FB23-FC23))
No Vs 111	FO23	F	=SQRT(FF23^2*EX23+FG23^2*EY23+FH23^2*EZ23+2*FF23*FG23*FA23+2*FF23*FH23*FB23+2*FG23*FH23*FC23)
No Vs 111	AB2	T	
No Vs 111	AB3	T	
No Vs 111	AB4	T	
No Vs 111	AB5	T	
No Vs 111	AB6	T	
No Vs 111	AB7	T	
No Vs 111	AB8	T	
No Vs 111	AB9	T	
No Vs 111	AB10	T	
No Vs 111	AB11	T	
No Vs 111	AB12	T	
No Vs 111	AB13	T	
No Vs 111	AB14	T	
No Vs 111	AB15	T	
No Vs 111	AB16	T	
No Vs 111	AB17	T	
No Vs 111	AB18	T	
No Vs 111	AB19	T	
No Vs 111	AB20	T	
No Vs 111	AB21	T	
No Vs 111	AB22	T	
No Vs 111	AB23	T	
No Vp 111	ET1	T	UNCERTAINTY BLOCK (per-point, 1sigma) -->
No Vp 111	EU1	T	B1
No Vp 111	EV1	T	B2
No Vp 111	EW1	T	B3
No Vp 111	EX1	T	VarC11
No Vp 111	EY1	T	VarC12
No Vp 111	EZ1	T	VarC44
No Vp 111	FA1	T	Cov1112
No Vp 111	FB1	T	Cov1144
No Vp 111	FC1	T	Cov1244
No Vp 111	FD1	T	GRg1
No Vp 111	FE1	T	GRg3
No Vp 111	FF1	T	GHg1
No Vp 111	FG1	T	GHg2
No Vp 111	FH1	T	GHg3
No Vp 111	FI1	T	sigC11
No Vp 111	FJ1	T	sigC12
No Vp 111	FK1	T	sigC44
No Vp 111	FL1	T	sigK
No Vp 111	FM1	T	sigGV
No Vp 111	FN1	T	sigGR
No Vp 111	FO1	T	sigGH
No Vp 111	ET2	F	=(0.02/$B$40)^2+9*(0.001/$B$38)^2+(Q2/M2)^2
No Vp 111	EU2	F	=4*(AH2)^2*(0.0002/F2)^2
No Vp 111	EV2	F	=4*(AI2)^2*(0.0002/G2)^2
No Vp 111	EW2	F	=4*(AF2)^2*(0.0002/I2)^2
No Vp 111	EX2	F	=(AH2)^2*ET2+1*EU2
No Vp 111	EY2	F	=(AJ2)^2*ET2+1*EU2+1*EV2+9*EW2
No Vp 111	EZ2	F	=(AI2)^2*ET2+1*EV2
No Vp 111	FA2	F	=(AH2)*(AJ2)*ET2+1*EU2
No Vp 111	FB2	F	=(AH2)*(AI2)*ET2
No Vp 111	FC2	F	=(AJ2)*(AI2)*ET2+1*EV2
No Vp 111	FD2	F	=20*(AI2)^2/(3*((AH2)-(AJ2))+4*(AI2))^2
No Vp 111	FE2	F	=15*((AH2)-(AJ2))^2/(3*((AH2)-(AJ2))+4*(AI2))^2
No Vp 111	FF2	F	=(0.2+FD2)/2
No Vp 111	FG2	F	=(-0.2-FD2)/2
No Vp 111	FH2	F	=(0.6+FE2)/2
No Vp 111	FI2	F	=SQRT(EX2)
No Vp 111	FJ2	F	=SQRT(EY2)
No Vp 111	FK2	F	=SQRT(EZ2)
No Vp 111	FL2	F	=SQRT(EX2/9+4*EY2/9+(4/9)*FA2)
No Vp 111	FM2	F	=SQRT((EX2+EY2+9*EZ2)/25+(-2*FA2+6*FB2-6*FC2)/25)
No Vp 111	FN2	F	=SQRT(FD2^2*(EX2+EY2)-2*FD2^2*FA2+FE2^2*EZ2+2*FD2*FE2*(FB2-FC2))
No Vp 111	FO2	F	=SQRT(FF2^2*EX2+FG2^2*EY2+FH2^2*EZ2+2*FF2*FG2*FA2+2*FF2*FH2*FB2+2*FG2*FH2*FC2)
No Vp 111	ET3	F	=(0.02/$B$40)^2+9*(0.001/$B$38)^2+(Q3/M3)^2
No Vp 111	EU3	F	=4*(AH3)^2*(0.0002/F3)^2
No Vp 111	EV3	F	=4*(AI3)^2*(0.0002/G3)^2
No Vp 111	EW3	F	=4*(AF3)^2*(0.0002/I3)^2
No Vp 111	EX3	F	=(AH3)^2*ET3+1*EU3
No Vp 111	EY3	F	=(AJ3)^2*ET3+1*EU3+1*EV3+9*EW3
No Vp 111	EZ3	F	=(AI3)^2*ET3+1*EV3
No Vp 111	FA3	F	=(AH3)*(AJ3)*ET3+1*EU3
No Vp 111	FB3	F	=(AH3)*(AI3)*ET3
No Vp 111	FC3	F	=(AJ3)*(AI3)*ET3+1*EV3
No Vp 111	FD3	F	=20*(AI3)^2/(3*((AH3)-(AJ3))+4*(AI3))^2
No Vp 111	FE3	F	=15*((AH3)-(AJ3))^2/(3*((AH3)-(AJ3))+4*(AI3))^2
No Vp 111	FF3	F	=(0.2+FD3)/2
No Vp 111	FG3	F	=(-0.2-FD3)/2
No Vp 111	FH3	F	=(0.6+FE3)/2
No Vp 111	FI3	F	=SQRT(EX3)
No Vp 111	FJ3	F	=SQRT(EY3)
No Vp 111	FK3	F	=SQRT(EZ3)
No Vp 111	FL3	F	=SQRT(EX3/9+4*EY3/9+(4/9)*FA3)
No Vp 111	FM3	F	=SQRT((EX3+EY3+9*EZ3)/25+(-2*FA3+6*FB3-6*FC3)/25)
No Vp 111	FN3	F	=SQRT(FD3^2*(EX3+EY3)-2*FD3^2*FA3+FE3^2*EZ3+2*FD3*FE3*(FB3-FC3))
No Vp 111	FO3	F	=SQRT(FF3^2*EX3+FG3^2*EY3+FH3^2*EZ3+2*FF3*FG3*FA3+2*FF3*FH3*FB3+2*FG3*FH3*FC3)
No Vp 111	ET4	F	=(0.02/$B$40)^2+9*(0.001/$B$38)^2+(Q4/M4)^2
No Vp 111	EU4	F	=4*(AH4)^2*(0.0002/F4)^2
No Vp 111	EV4	F	=4*(AI4)^2*(0.0002/G4)^2
No Vp 111	EW4	F	=4*(AF4)^2*(0.0002/I4)^2
No Vp 111	EX4	F	=(AH4)^2*ET4+1*EU4
No Vp 111	EY4	F	=(AJ4)^2*ET4+1*EU4+1*EV4+9*EW4
No Vp 111	EZ4	F	=(AI4)^2*ET4+1*EV4
No Vp 111	FA4	F	=(AH4)*(AJ4)*ET4+1*EU4
No Vp 111	FB4	F	=(AH4)*(AI4)*ET4
No Vp 111	FC4	F	=(AJ4)*(AI4)*ET4+1*EV4
No Vp 111	FD4	F	=20*(AI4)^2/(3*((AH4)-(AJ4))+4*(AI4))^2
No Vp 111	FE4	F	=15*((AH4)-(AJ4))^2/(3*((AH4)-(AJ4))+4*(AI4))^2
No Vp 111	FF4	F	=(0.2+FD4)/2
No Vp 111	FG4	F	=(-0.2-FD4)/2
No Vp 111	FH4	F	=(0.6+FE4)/2
No Vp 111	FI4	F	=SQRT(EX4)
No Vp 111	FJ4	F	=SQRT(EY4)
No Vp 111	FK4	F	=SQRT(EZ4)
No Vp 111	FL4	F	=SQRT(EX4/9+4*EY4/9+(4/9)*FA4)
No Vp 111	FM4	F	=SQRT((EX4+EY4+9*EZ4)/25+(-2*FA4+6*FB4-6*FC4)/25)
No Vp 111	FN4	F	=SQRT(FD4^2*(EX4+EY4)-2*FD4^2*FA4+FE4^2*EZ4+2*FD4*FE4*(FB4-FC4))
No Vp 111	FO4	F	=SQRT(FF4^2*EX4+FG4^2*EY4+FH4^2*EZ4+2*FF4*FG4*FA4+2*FF4*FH4*FB4+2*FG4*FH4*FC4)
No Vp 111	ET5	F	=(0.02/$B$40)^2+9*(0.001/$B$38)^2+(Q5/M5)^2
No Vp 111	EU5	F	=4*(AH5)^2*(0.0002/F5)^2
No Vp 111	EV5	F	=4*(AI5)^2*(0.0002/G5)^2
No Vp 111	EW5	F	=4*(AF5)^2*(0.0002/I5)^2
No Vp 111	EX5	F	=(AH5)^2*ET5+1*EU5
No Vp 111	EY5	F	=(AJ5)^2*ET5+1*EU5+1*EV5+9*EW5
No Vp 111	EZ5	F	=(AI5)^2*ET5+1*EV5
No Vp 111	FA5	F	=(AH5)*(AJ5)*ET5+1*EU5
No Vp 111	FB5	F	=(AH5)*(AI5)*ET5
No Vp 111	FC5	F	=(AJ5)*(AI5)*ET5+1*EV5
No Vp 111	FD5	F	=20*(AI5)^2/(3*((AH5)-(AJ5))+4*(AI5))^2
No Vp 111	FE5	F	=15*((AH5)-(AJ5))^2/(3*((AH5)-(AJ5))+4*(AI5))^2
No Vp 111	FF5	F	=(0.2+FD5)/2
No Vp 111	FG5	F	=(-0.2-FD5)/2
No Vp 111	FH5	F	=(0.6+FE5)/2
No Vp 111	FI5	F	=SQRT(EX5)
No Vp 111	FJ5	F	=SQRT(EY5)
No Vp 111	FK5	F	=SQRT(EZ5)
No Vp 111	FL5	F	=SQRT(EX5/9+4*EY5/9+(4/9)*FA5)
No Vp 111	FM5	F	=SQRT((EX5+EY5+9*EZ5)/25+(-2*FA5+6*FB5-6*FC5)/25)
No Vp 111	FN5	F	=SQRT(FD5^2*(EX5+EY5)-2*FD5^2*FA5+FE5^2*EZ5+2*FD5*FE5*(FB5-FC5))
No Vp 111	FO5	F	=SQRT(FF5^2*EX5+FG5^2*EY5+FH5^2*EZ5+2*FF5*FG5*FA5+2*FF5*FH5*FB5+2*FG5*FH5*FC5)
No Vp 111	ET6	F	=(0.02/$B$40)^2+9*(0.001/$B$38)^2+(Q6/M6)^2
No Vp 111	EU6	F	=4*(AH6)^2*(0.0002/F6)^2
No Vp 111	EV6	F	=4*(AI6)^2*(0.0002/G6)^2
No Vp 111	EW6	F	=4*(AF6)^2*(0.0002/I6)^2
No Vp 111	EX6	F	=(AH6)^2*ET6+1*EU6
No Vp 111	EY6	F	=(AJ6)^2*ET6+1*EU6+1*EV6+9*EW6
No Vp 111	EZ6	F	=(AI6)^2*ET6+1*EV6
No Vp 111	FA6	F	=(AH6)*(AJ6)*ET6+1*EU6
No Vp 111	FB6	F	=(AH6)*(AI6)*ET6
No Vp 111	FC6	F	=(AJ6)*(AI6)*ET6+1*EV6
No Vp 111	FD6	F	=20*(AI6)^2/(3*((AH6)-(AJ6))+4*(AI6))^2
No Vp 111	FE6	F	=15*((AH6)-(AJ6))^2/(3*((AH6)-(AJ6))+4*(AI6))^2
No Vp 111	FF6	F	=(0.2+FD6)/2
No Vp 111	FG6	F	=(-0.2-FD6)/2
No Vp 111	FH6	F	=(0.6+FE6)/2
No Vp 111	FI6	F	=SQRT(EX6)
No Vp 111	FJ6	F	=SQRT(EY6)
No Vp 111	FK6	F	=SQRT(EZ6)
No Vp 111	FL6	F	=SQRT(EX6/9+4*EY6/9+(4/9)*FA6)
No Vp 111	FM6	F	=SQRT((EX6+EY6+9*EZ6)/25+(-2*FA6+6*FB6-6*FC6)/25)
No Vp 111	FN6	F	=SQRT(FD6^2*(EX6+EY6)-2*FD6^2*FA6+FE6^2*EZ6+2*FD6*FE6*(FB6-FC6))
No Vp 111	FO6	F	=SQRT(FF6^2*EX6+FG6^2*EY6+FH6^2*EZ6+2*FF6*FG6*FA6+2*FF6*FH6*FB6+2*FG6*FH6*FC6)
No Vp 111	ET7	F	=(0.02/$B$40)^2+9*(0.001/$B$38)^2+(Q7/M7)^2
No Vp 111	EU7	F	=4*(AH7)^2*(0.0002/F7)^2
No Vp 111	EV7	F	=4*(AI7)^2*(0.0002/G7)^2
No Vp 111	EW7	F	=4*(AF7)^2*(0.0002/I7)^2
No Vp 111	EX7	F	=(AH7)^2*ET7+1*EU7
No Vp 111	EY7	F	=(AJ7)^2*ET7+1*EU7+1*EV7+9*EW7
No Vp 111	EZ7	F	=(AI7)^2*ET7+1*EV7
No Vp 111	FA7	F	=(AH7)*(AJ7)*ET7+1*EU7
No Vp 111	FB7	F	=(AH7)*(AI7)*ET7
No Vp 111	FC7	F	=(AJ7)*(AI7)*ET7+1*EV7
No Vp 111	FD7	F	=20*(AI7)^2/(3*((AH7)-(AJ7))+4*(AI7))^2
No Vp 111	FE7	F	=15*((AH7)-(AJ7))^2/(3*((AH7)-(AJ7))+4*(AI7))^2
No Vp 111	FF7	F	=(0.2+FD7)/2
No Vp 111	FG7	F	=(-0.2-FD7)/2
No Vp 111	FH7	F	=(0.6+FE7)/2
No Vp 111	FI7	F	=SQRT(EX7)
No Vp 111	FJ7	F	=SQRT(EY7)
No Vp 111	FK7	F	=SQRT(EZ7)
No Vp 111	FL7	F	=SQRT(EX7/9+4*EY7/9+(4/9)*FA7)
No Vp 111	FM7	F	=SQRT((EX7+EY7+9*EZ7)/25+(-2*FA7+6*FB7-6*FC7)/25)
No Vp 111	FN7	F	=SQRT(FD7^2*(EX7+EY7)-2*FD7^2*FA7+FE7^2*EZ7+2*FD7*FE7*(FB7-FC7))
No Vp 111	FO7	F	=SQRT(FF7^2*EX7+FG7^2*EY7+FH7^2*EZ7+2*FF7*FG7*FA7+2*FF7*FH7*FB7+2*FG7*FH7*FC7)
No Vp 111	ET8	F	=(0.02/$B$40)^2+9*(0.001/$B$38)^2+(Q8/M8)^2
No Vp 111	EU8	F	=4*(AH8)^2*(0.0002/F8)^2
No Vp 111	EV8	F	=4*(AI8)^2*(0.0002/G8)^2
No Vp 111	EW8	F	=4*(AF8)^2*(0.0002/I8)^2
No Vp 111	EX8	F	=(AH8)^2*ET8+1*EU8
No Vp 111	EY8	F	=(AJ8)^2*ET8+1*EU8+1*EV8+9*EW8
No Vp 111	EZ8	F	=(AI8)^2*ET8+1*EV8
No Vp 111	FA8	F	=(AH8)*(AJ8)*ET8+1*EU8
No Vp 111	FB8	F	=(AH8)*(AI8)*ET8
No Vp 111	FC8	F	=(AJ8)*(AI8)*ET8+1*EV8
No Vp 111	FD8	F	=20*(AI8)^2/(3*((AH8)-(AJ8))+4*(AI8))^2
No Vp 111	FE8	F	=15*((AH8)-(AJ8))^2/(3*((AH8)-(AJ8))+4*(AI8))^2
No Vp 111	FF8	F	=(0.2+FD8)/2
No Vp 111	FG8	F	=(-0.2-FD8)/2
No Vp 111	FH8	F	=(0.6+FE8)/2
No Vp 111	FI8	F	=SQRT(EX8)
No Vp 111	FJ8	F	=SQRT(EY8)
No Vp 111	FK8	F	=SQRT(EZ8)
No Vp 111	FL8	F	=SQRT(EX8/9+4*EY8/9+(4/9)*FA8)
No Vp 111	FM8	F	=SQRT((EX8+EY8+9*EZ8)/25+(-2*FA8+6*FB8-6*FC8)/25)
No Vp 111	FN8	F	=SQRT(FD8^2*(EX8+EY8)-2*FD8^2*FA8+FE8^2*EZ8+2*FD8*FE8*(FB8-FC8))
No Vp 111	FO8	F	=SQRT(FF8^2*EX8+FG8^2*EY8+FH8^2*EZ8+2*FF8*FG8*FA8+2*FF8*FH8*FB8+2*FG8*FH8*FC8)
No Vp 111	ET9	F	=(0.02/$B$40)^2+9*(0.001/$B$38)^2+(Q9/M9)^2
No Vp 111	EU9	F	=4*(AH9)^2*(0.0002/F9)^2
No Vp 111	EV9	F	=4*(AI9)^2*(0.0002/G9)^2
No Vp 111	EW9	F	=4*(AF9)^2*(0.0002/I9)^2
No Vp 111	EX9	F	=(AH9)^2*ET9+1*EU9
No Vp 111	EY9	F	=(AJ9)^2*ET9+1*EU9+1*EV9+9*EW9
No Vp 111	EZ9	F	=(AI9)^2*ET9+1*EV9
No Vp 111	FA9	F	=(AH9)*(AJ9)*ET9+1*EU9
No Vp 111	FB9	F	=(AH9)*(AI9)*ET9
No Vp 111	FC9	F	=(AJ9)*(AI9)*ET9+1*EV9
No Vp 111	FD9	F	=20*(AI9)^2/(3*((AH9)-(AJ9))+4*(AI9))^2
No Vp 111	FE9	F	=15*((AH9)-(AJ9))^2/(3*((AH9)-(AJ9))+4*(AI9))^2
No Vp 111	FF9	F	=(0.2+FD9)/2
No Vp 111	FG9	F	=(-0.2-FD9)/2
No Vp 111	FH9	F	=(0.6+FE9)/2
No Vp 111	FI9	F	=SQRT(EX9)
No Vp 111	FJ9	F	=SQRT(EY9)
No Vp 111	FK9	F	=SQRT(EZ9)
No Vp 111	FL9	F	=SQRT(EX9/9+4*EY9/9+(4/9)*FA9)
No Vp 111	FM9	F	=SQRT((EX9+EY9+9*EZ9)/25+(-2*FA9+6*FB9-6*FC9)/25)
No Vp 111	FN9	F	=SQRT(FD9^2*(EX9+EY9)-2*FD9^2*FA9+FE9^2*EZ9+2*FD9*FE9*(FB9-FC9))
No Vp 111	FO9	F	=SQRT(FF9^2*EX9+FG9^2*EY9+FH9^2*EZ9+2*FF9*FG9*FA9+2*FF9*FH9*FB9+2*FG9*FH9*FC9)
No Vp 111	ET10	F	=(0.02/$B$40)^2+9*(0.001/$B$38)^2+(Q10/M10)^2
No Vp 111	EU10	F	=4*(AH10)^2*(0.0002/F10)^2
No Vp 111	EV10	F	=4*(AI10)^2*(0.0002/G10)^2
No Vp 111	EW10	F	=4*(AF10)^2*(0.0002/I10)^2
No Vp 111	EX10	F	=(AH10)^2*ET10+1*EU10
No Vp 111	EY10	F	=(AJ10)^2*ET10+1*EU10+1*EV10+9*EW10
No Vp 111	EZ10	F	=(AI10)^2*ET10+1*EV10
No Vp 111	FA10	F	=(AH10)*(AJ10)*ET10+1*EU10
No Vp 111	FB10	F	=(AH10)*(AI10)*ET10
No Vp 111	FC10	F	=(AJ10)*(AI10)*ET10+1*EV10
No Vp 111	FD10	F	=20*(AI10)^2/(3*((AH10)-(AJ10))+4*(AI10))^2
No Vp 111	FE10	F	=15*((AH10)-(AJ10))^2/(3*((AH10)-(AJ10))+4*(AI10))^2
No Vp 111	FF10	F	=(0.2+FD10)/2
No Vp 111	FG10	F	=(-0.2-FD10)/2
No Vp 111	FH10	F	=(0.6+FE10)/2
No Vp 111	FI10	F	=SQRT(EX10)
No Vp 111	FJ10	F	=SQRT(EY10)
No Vp 111	FK10	F	=SQRT(EZ10)
No Vp 111	FL10	F	=SQRT(EX10/9+4*EY10/9+(4/9)*FA10)
No Vp 111	FM10	F	=SQRT((EX10+EY10+9*EZ10)/25+(-2*FA10+6*FB10-6*FC10)/25)
No Vp 111	FN10	F	=SQRT(FD10^2*(EX10+EY10)-2*FD10^2*FA10+FE10^2*EZ10+2*FD10*FE10*(FB10-FC10))
No Vp 111	FO10	F	=SQRT(FF10^2*EX10+FG10^2*EY10+FH10^2*EZ10+2*FF10*FG10*FA10+2*FF10*FH10*FB10+2*FG10*FH10*FC10)
No Vp 111	ET11	F	=(0.02/$B$40)^2+9*(0.001/$B$38)^2+(Q11/M11)^2
No Vp 111	EU11	F	=4*(AH11)^2*(0.0002/F11)^2
No Vp 111	EV11	F	=4*(AI11)^2*(0.0002/G11)^2
No Vp 111	EW11	F	=4*(AF11)^2*(0.0002/I11)^2
No Vp 111	EX11	F	=(AH11)^2*ET11+1*EU11
No Vp 111	EY11	F	=(AJ11)^2*ET11+1*EU11+1*EV11+9*EW11
No Vp 111	EZ11	F	=(AI11)^2*ET11+1*EV11
No Vp 111	FA11	F	=(AH11)*(AJ11)*ET11+1*EU11
No Vp 111	FB11	F	=(AH11)*(AI11)*ET11
No Vp 111	FC11	F	=(AJ11)*(AI11)*ET11+1*EV11
No Vp 111	FD11	F	=20*(AI11)^2/(3*((AH11)-(AJ11))+4*(AI11))^2
No Vp 111	FE11	F	=15*((AH11)-(AJ11))^2/(3*((AH11)-(AJ11))+4*(AI11))^2
No Vp 111	FF11	F	=(0.2+FD11)/2
No Vp 111	FG11	F	=(-0.2-FD11)/2
No Vp 111	FH11	F	=(0.6+FE11)/2
No Vp 111	FI11	F	=SQRT(EX11)
No Vp 111	FJ11	F	=SQRT(EY11)
No Vp 111	FK11	F	=SQRT(EZ11)
No Vp 111	FL11	F	=SQRT(EX11/9+4*EY11/9+(4/9)*FA11)
No Vp 111	FM11	F	=SQRT((EX11+EY11+9*EZ11)/25+(-2*FA11+6*FB11-6*FC11)/25)
No Vp 111	FN11	F	=SQRT(FD11^2*(EX11+EY11)-2*FD11^2*FA11+FE11^2*EZ11+2*FD11*FE11*(FB11-FC11))
No Vp 111	FO11	F	=SQRT(FF11^2*EX11+FG11^2*EY11+FH11^2*EZ11+2*FF11*FG11*FA11+2*FF11*FH11*FB11+2*FG11*FH11*FC11)
No Vp 111	ET12	F	=(0.02/$B$40)^2+9*(0.001/$B$38)^2+(Q12/M12)^2
No Vp 111	EU12	F	=4*(AH12)^2*(0.0002/F12)^2
No Vp 111	EV12	F	=4*(AI12)^2*(0.0002/G12)^2
No Vp 111	EW12	F	=4*(AF12)^2*(0.0002/I12)^2
No Vp 111	EX12	F	=(AH12)^2*ET12+1*EU12
No Vp 111	EY12	F	=(AJ12)^2*ET12+1*EU12+1*EV12+9*EW12
No Vp 111	EZ12	F	=(AI12)^2*ET12+1*EV12
No Vp 111	FA12	F	=(AH12)*(AJ12)*ET12+1*EU12
No Vp 111	FB12	F	=(AH12)*(AI12)*ET12
No Vp 111	FC12	F	=(AJ12)*(AI12)*ET12+1*EV12
No Vp 111	FD12	F	=20*(AI12)^2/(3*((AH12)-(AJ12))+4*(AI12))^2
No Vp 111	FE12	F	=15*((AH12)-(AJ12))^2/(3*((AH12)-(AJ12))+4*(AI12))^2
No Vp 111	FF12	F	=(0.2+FD12)/2
No Vp 111	FG12	F	=(-0.2-FD12)/2
No Vp 111	FH12	F	=(0.6+FE12)/2
No Vp 111	FI12	F	=SQRT(EX12)
No Vp 111	FJ12	F	=SQRT(EY12)
No Vp 111	FK12	F	=SQRT(EZ12)
No Vp 111	FL12	F	=SQRT(EX12/9+4*EY12/9+(4/9)*FA12)
No Vp 111	FM12	F	=SQRT((EX12+EY12+9*EZ12)/25+(-2*FA12+6*FB12-6*FC12)/25)
No Vp 111	FN12	F	=SQRT(FD12^2*(EX12+EY12)-2*FD12^2*FA12+FE12^2*EZ12+2*FD12*FE12*(FB12-FC12))
No Vp 111	FO12	F	=SQRT(FF12^2*EX12+FG12^2*EY12+FH12^2*EZ12+2*FF12*FG12*FA12+2*FF12*FH12*FB12+2*FG12*FH12*FC12)
No Vp 111	ET13	F	=(0.02/$B$40)^2+9*(0.001/$B$38)^2+(Q13/M13)^2
No Vp 111	EU13	F	=4*(AH13)^2*(0.0002/F13)^2
No Vp 111	EV13	F	=4*(AI13)^2*(0.0002/G13)^2
No Vp 111	EW13	F	=4*(AF13)^2*(0.0002/I13)^2
No Vp 111	EX13	F	=(AH13)^2*ET13+1*EU13
No Vp 111	EY13	F	=(AJ13)^2*ET13+1*EU13+1*EV13+9*EW13
No Vp 111	EZ13	F	=(AI13)^2*ET13+1*EV13
No Vp 111	FA13	F	=(AH13)*(AJ13)*ET13+1*EU13
No Vp 111	FB13	F	=(AH13)*(AI13)*ET13
No Vp 111	FC13	F	=(AJ13)*(AI13)*ET13+1*EV13
No Vp 111	FD13	F	=20*(AI13)^2/(3*((AH13)-(AJ13))+4*(AI13))^2
No Vp 111	FE13	F	=15*((AH13)-(AJ13))^2/(3*((AH13)-(AJ13))+4*(AI13))^2
No Vp 111	FF13	F	=(0.2+FD13)/2
No Vp 111	FG13	F	=(-0.2-FD13)/2
No Vp 111	FH13	F	=(0.6+FE13)/2
No Vp 111	FI13	F	=SQRT(EX13)
No Vp 111	FJ13	F	=SQRT(EY13)
No Vp 111	FK13	F	=SQRT(EZ13)
No Vp 111	FL13	F	=SQRT(EX13/9+4*EY13/9+(4/9)*FA13)
No Vp 111	FM13	F	=SQRT((EX13+EY13+9*EZ13)/25+(-2*FA13+6*FB13-6*FC13)/25)
No Vp 111	FN13	F	=SQRT(FD13^2*(EX13+EY13)-2*FD13^2*FA13+FE13^2*EZ13+2*FD13*FE13*(FB13-FC13))
No Vp 111	FO13	F	=SQRT(FF13^2*EX13+FG13^2*EY13+FH13^2*EZ13+2*FF13*FG13*FA13+2*FF13*FH13*FB13+2*FG13*FH13*FC13)
No Vp 111	ET14	F	=(0.02/$B$40)^2+9*(0.001/$B$38)^2+(Q14/M14)^2
No Vp 111	EU14	F	=4*(AH14)^2*(0.0002/F14)^2
No Vp 111	EV14	F	=4*(AI14)^2*(0.0002/G14)^2
No Vp 111	EW14	F	=4*(AF14)^2*(0.0002/I14)^2
No Vp 111	EX14	F	=(AH14)^2*ET14+1*EU14
No Vp 111	EY14	F	=(AJ14)^2*ET14+1*EU14+1*EV14+9*EW14
No Vp 111	EZ14	F	=(AI14)^2*ET14+1*EV14
No Vp 111	FA14	F	=(AH14)*(AJ14)*ET14+1*EU14
No Vp 111	FB14	F	=(AH14)*(AI14)*ET14
No Vp 111	FC14	F	=(AJ14)*(AI14)*ET14+1*EV14
No Vp 111	FD14	F	=20*(AI14)^2/(3*((AH14)-(AJ14))+4*(AI14))^2
No Vp 111	FE14	F	=15*((AH14)-(AJ14))^2/(3*((AH14)-(AJ14))+4*(AI14))^2
No Vp 111	FF14	F	=(0.2+FD14)/2
No Vp 111	FG14	F	=(-0.2-FD14)/2
No Vp 111	FH14	F	=(0.6+FE14)/2
No Vp 111	FI14	F	=SQRT(EX14)
No Vp 111	FJ14	F	=SQRT(EY14)
No Vp 111	FK14	F	=SQRT(EZ14)
No Vp 111	FL14	F	=SQRT(EX14/9+4*EY14/9+(4/9)*FA14)
No Vp 111	FM14	F	=SQRT((EX14+EY14+9*EZ14)/25+(-2*FA14+6*FB14-6*FC14)/25)
No Vp 111	FN14	F	=SQRT(FD14^2*(EX14+EY14)-2*FD14^2*FA14+FE14^2*EZ14+2*FD14*FE14*(FB14-FC14))
No Vp 111	FO14	F	=SQRT(FF14^2*EX14+FG14^2*EY14+FH14^2*EZ14+2*FF14*FG14*FA14+2*FF14*FH14*FB14+2*FG14*FH14*FC14)
No Vp 111	ET15	F	=(0.02/$B$40)^2+9*(0.001/$B$38)^2+(Q15/M15)^2
No Vp 111	EU15	F	=4*(AH15)^2*(0.0002/F15)^2
No Vp 111	EV15	F	=4*(AI15)^2*(0.0002/G15)^2
No Vp 111	EW15	F	=4*(AF15)^2*(0.0002/I15)^2
No Vp 111	EX15	F	=(AH15)^2*ET15+1*EU15
No Vp 111	EY15	F	=(AJ15)^2*ET15+1*EU15+1*EV15+9*EW15
No Vp 111	EZ15	F	=(AI15)^2*ET15+1*EV15
No Vp 111	FA15	F	=(AH15)*(AJ15)*ET15+1*EU15
No Vp 111	FB15	F	=(AH15)*(AI15)*ET15
No Vp 111	FC15	F	=(AJ15)*(AI15)*ET15+1*EV15
No Vp 111	FD15	F	=20*(AI15)^2/(3*((AH15)-(AJ15))+4*(AI15))^2
No Vp 111	FE15	F	=15*((AH15)-(AJ15))^2/(3*((AH15)-(AJ15))+4*(AI15))^2
No Vp 111	FF15	F	=(0.2+FD15)/2
No Vp 111	FG15	F	=(-0.2-FD15)/2
No Vp 111	FH15	F	=(0.6+FE15)/2
No Vp 111	FI15	F	=SQRT(EX15)
No Vp 111	FJ15	F	=SQRT(EY15)
No Vp 111	FK15	F	=SQRT(EZ15)
No Vp 111	FL15	F	=SQRT(EX15/9+4*EY15/9+(4/9)*FA15)
No Vp 111	FM15	F	=SQRT((EX15+EY15+9*EZ15)/25+(-2*FA15+6*FB15-6*FC15)/25)
No Vp 111	FN15	F	=SQRT(FD15^2*(EX15+EY15)-2*FD15^2*FA15+FE15^2*EZ15+2*FD15*FE15*(FB15-FC15))
No Vp 111	FO15	F	=SQRT(FF15^2*EX15+FG15^2*EY15+FH15^2*EZ15+2*FF15*FG15*FA15+2*FF15*FH15*FB15+2*FG15*FH15*FC15)
No Vp 111	ET16	F	=(0.02/$B$40)^2+9*(0.001/$B$38)^2+(Q16/M16)^2
No Vp 111	EU16	F	=4*(AH16)^2*(0.0002/F16)^2
No Vp 111	EV16	F	=4*(AI16)^2*(0.0002/G16)^2
No Vp 111	EW16	F	=4*(AF16)^2*(0.0002/I16)^2
No Vp 111	EX16	F	=(AH16)^2*ET16+1*EU16
No Vp 111	EY16	F	=(AJ16)^2*ET16+1*EU16+1*EV16+9*EW16
No Vp 111	EZ16	F	=(AI16)^2*ET16+1*EV16
No Vp 111	FA16	F	=(AH16)*(AJ16)*ET16+1*EU16
No Vp 111	FB16	F	=(AH16)*(AI16)*ET16
No Vp 111	FC16	F	=(AJ16)*(AI16)*ET16+1*EV16
No Vp 111	FD16	F	=20*(AI16)^2/(3*((AH16)-(AJ16))+4*(AI16))^2
No Vp 111	FE16	F	=15*((AH16)-(AJ16))^2/(3*((AH16)-(AJ16))+4*(AI16))^2
No Vp 111	FF16	F	=(0.2+FD16)/2
No Vp 111	FG16	F	=(-0.2-FD16)/2
No Vp 111	FH16	F	=(0.6+FE16)/2
No Vp 111	FI16	F	=SQRT(EX16)
No Vp 111	FJ16	F	=SQRT(EY16)
No Vp 111	FK16	F	=SQRT(EZ16)
No Vp 111	FL16	F	=SQRT(EX16/9+4*EY16/9+(4/9)*FA16)
No Vp 111	FM16	F	=SQRT((EX16+EY16+9*EZ16)/25+(-2*FA16+6*FB16-6*FC16)/25)
No Vp 111	FN16	F	=SQRT(FD16^2*(EX16+EY16)-2*FD16^2*FA16+FE16^2*EZ16+2*FD16*FE16*(FB16-FC16))
No Vp 111	FO16	F	=SQRT(FF16^2*EX16+FG16^2*EY16+FH16^2*EZ16+2*FF16*FG16*FA16+2*FF16*FH16*FB16+2*FG16*FH16*FC16)
No Vp 111	ET17	F	=(0.02/$B$40)^2+9*(0.001/$B$38)^2+(Q17/M17)^2
No Vp 111	EU17	F	=4*(AH17)^2*(0.0002/F17)^2
No Vp 111	EV17	F	=4*(AI17)^2*(0.0002/G17)^2
No Vp 111	EW17	F	=4*(AF17)^2*(0.0002/I17)^2
No Vp 111	EX17	F	=(AH17)^2*ET17+1*EU17
No Vp 111	EY17	F	=(AJ17)^2*ET17+1*EU17+1*EV17+9*EW17
No Vp 111	EZ17	F	=(AI17)^2*ET17+1*EV17
No Vp 111	FA17	F	=(AH17)*(AJ17)*ET17+1*EU17
No Vp 111	FB17	F	=(AH17)*(AI17)*ET17
No Vp 111	FC17	F	=(AJ17)*(AI17)*ET17+1*EV17
No Vp 111	FD17	F	=20*(AI17)^2/(3*((AH17)-(AJ17))+4*(AI17))^2
No Vp 111	FE17	F	=15*((AH17)-(AJ17))^2/(3*((AH17)-(AJ17))+4*(AI17))^2
No Vp 111	FF17	F	=(0.2+FD17)/2
No Vp 111	FG17	F	=(-0.2-FD17)/2
No Vp 111	FH17	F	=(0.6+FE17)/2
No Vp 111	FI17	F	=SQRT(EX17)
No Vp 111	FJ17	F	=SQRT(EY17)
No Vp 111	FK17	F	=SQRT(EZ17)
No Vp 111	FL17	F	=SQRT(EX17/9+4*EY17/9+(4/9)*FA17)
No Vp 111	FM17	F	=SQRT((EX17+EY17+9*EZ17)/25+(-2*FA17+6*FB17-6*FC17)/25)
No Vp 111	FN17	F	=SQRT(FD17^2*(EX17+EY17)-2*FD17^2*FA17+FE17^2*EZ17+2*FD17*FE17*(FB17-FC17))
No Vp 111	FO17	F	=SQRT(FF17^2*EX17+FG17^2*EY17+FH17^2*EZ17+2*FF17*FG17*FA17+2*FF17*FH17*FB17+2*FG17*FH17*FC17)
No Vp 111	ET18	F	=(0.02/$B$40)^2+9*(0.001/$B$38)^2+(Q18/M18)^2
No Vp 111	EU18	F	=4*(AH18)^2*(0.0002/F18)^2
No Vp 111	EV18	F	=4*(AI18)^2*(0.0002/G18)^2
No Vp 111	EW18	F	=4*(AF18)^2*(0.0002/I18)^2
No Vp 111	EX18	F	=(AH18)^2*ET18+1*EU18
No Vp 111	EY18	F	=(AJ18)^2*ET18+1*EU18+1*EV18+9*EW18
No Vp 111	EZ18	F	=(AI18)^2*ET18+1*EV18
No Vp 111	FA18	F	=(AH18)*(AJ18)*ET18+1*EU18
No Vp 111	FB18	F	=(AH18)*(AI18)*ET18
No Vp 111	FC18	F	=(AJ18)*(AI18)*ET18+1*EV18
No Vp 111	FD18	F	=20*(AI18)^2/(3*((AH18)-(AJ18))+4*(AI18))^2
No Vp 111	FE18	F	=15*((AH18)-(AJ18))^2/(3*((AH18)-(AJ18))+4*(AI18))^2
No Vp 111	FF18	F	=(0.2+FD18)/2
No Vp 111	FG18	F	=(-0.2-FD18)/2
No Vp 111	FH18	F	=(0.6+FE18)/2
No Vp 111	FI18	F	=SQRT(EX18)
No Vp 111	FJ18	F	=SQRT(EY18)
No Vp 111	FK18	F	=SQRT(EZ18)
No Vp 111	FL18	F	=SQRT(EX18/9+4*EY18/9+(4/9)*FA18)
No Vp 111	FM18	F	=SQRT((EX18+EY18+9*EZ18)/25+(-2*FA18+6*FB18-6*FC18)/25)
No Vp 111	FN18	F	=SQRT(FD18^2*(EX18+EY18)-2*FD18^2*FA18+FE18^2*EZ18+2*FD18*FE18*(FB18-FC18))
No Vp 111	FO18	F	=SQRT(FF18^2*EX18+FG18^2*EY18+FH18^2*EZ18+2*FF18*FG18*FA18+2*FF18*FH18*FB18+2*FG18*FH18*FC18)
No Vp 111	ET19	F	=(0.02/$B$40)^2+9*(0.001/$B$38)^2+(Q19/M19)^2
No Vp 111	EU19	F	=4*(AH19)^2*(0.0002/F19)^2
No Vp 111	EV19	F	=4*(AI19)^2*(0.0002/G19)^2
No Vp 111	EW19	F	=4*(AF19)^2*(0.0002/I19)^2
No Vp 111	EX19	F	=(AH19)^2*ET19+1*EU19
No Vp 111	EY19	F	=(AJ19)^2*ET19+1*EU19+1*EV19+9*EW19
No Vp 111	EZ19	F	=(AI19)^2*ET19+1*EV19
No Vp 111	FA19	F	=(AH19)*(AJ19)*ET19+1*EU19
No Vp 111	FB19	F	=(AH19)*(AI19)*ET19
No Vp 111	FC19	F	=(AJ19)*(AI19)*ET19+1*EV19
No Vp 111	FD19	F	=20*(AI19)^2/(3*((AH19)-(AJ19))+4*(AI19))^2
No Vp 111	FE19	F	=15*((AH19)-(AJ19))^2/(3*((AH19)-(AJ19))+4*(AI19))^2
No Vp 111	FF19	F	=(0.2+FD19)/2
No Vp 111	FG19	F	=(-0.2-FD19)/2
No Vp 111	FH19	F	=(0.6+FE19)/2
No Vp 111	FI19	F	=SQRT(EX19)
No Vp 111	FJ19	F	=SQRT(EY19)
No Vp 111	FK19	F	=SQRT(EZ19)
No Vp 111	FL19	F	=SQRT(EX19/9+4*EY19/9+(4/9)*FA19)
No Vp 111	FM19	F	=SQRT((EX19+EY19+9*EZ19)/25+(-2*FA19+6*FB19-6*FC19)/25)
No Vp 111	FN19	F	=SQRT(FD19^2*(EX19+EY19)-2*FD19^2*FA19+FE19^2*EZ19+2*FD19*FE19*(FB19-FC19))
No Vp 111	FO19	F	=SQRT(FF19^2*EX19+FG19^2*EY19+FH19^2*EZ19+2*FF19*FG19*FA19+2*FF19*FH19*FB19+2*FG19*FH19*FC19)
No Vp 111	ET20	F	=(0.02/$B$40)^2+9*(0.001/$B$38)^2+(Q20/M20)^2
No Vp 111	EU20	F	=4*(AH20)^2*(0.0002/F20)^2
No Vp 111	EV20	F	=4*(AI20)^2*(0.0002/G20)^2
No Vp 111	EW20	F	=4*(AF20)^2*(0.0002/I20)^2
No Vp 111	EX20	F	=(AH20)^2*ET20+1*EU20
No Vp 111	EY20	F	=(AJ20)^2*ET20+1*EU20+1*EV20+9*EW20
No Vp 111	EZ20	F	=(AI20)^2*ET20+1*EV20
No Vp 111	FA20	F	=(AH20)*(AJ20)*ET20+1*EU20
No Vp 111	FB20	F	=(AH20)*(AI20)*ET20
No Vp 111	FC20	F	=(AJ20)*(AI20)*ET20+1*EV20
No Vp 111	FD20	F	=20*(AI20)^2/(3*((AH20)-(AJ20))+4*(AI20))^2
No Vp 111	FE20	F	=15*((AH20)-(AJ20))^2/(3*((AH20)-(AJ20))+4*(AI20))^2
No Vp 111	FF20	F	=(0.2+FD20)/2
No Vp 111	FG20	F	=(-0.2-FD20)/2
No Vp 111	FH20	F	=(0.6+FE20)/2
No Vp 111	FI20	F	=SQRT(EX20)
No Vp 111	FJ20	F	=SQRT(EY20)
No Vp 111	FK20	F	=SQRT(EZ20)
No Vp 111	FL20	F	=SQRT(EX20/9+4*EY20/9+(4/9)*FA20)
No Vp 111	FM20	F	=SQRT((EX20+EY20+9*EZ20)/25+(-2*FA20+6*FB20-6*FC20)/25)
No Vp 111	FN20	F	=SQRT(FD20^2*(EX20+EY20)-2*FD20^2*FA20+FE20^2*EZ20+2*FD20*FE20*(FB20-FC20))
No Vp 111	FO20	F	=SQRT(FF20^2*EX20+FG20^2*EY20+FH20^2*EZ20+2*FF20*FG20*FA20+2*FF20*FH20*FB20+2*FG20*FH20*FC20)
No Vp 111	ET21	F	=(0.02/$B$40)^2+9*(0.001/$B$38)^2+(Q21/M21)^2
No Vp 111	EU21	F	=4*(AH21)^2*(0.0002/F21)^2
No Vp 111	EV21	F	=4*(AI21)^2*(0.0002/G21)^2
No Vp 111	EW21	F	=4*(AF21)^2*(0.0002/I21)^2
No Vp 111	EX21	F	=(AH21)^2*ET21+1*EU21
No Vp 111	EY21	F	=(AJ21)^2*ET21+1*EU21+1*EV21+9*EW21
No Vp 111	EZ21	F	=(AI21)^2*ET21+1*EV21
No Vp 111	FA21	F	=(AH21)*(AJ21)*ET21+1*EU21
No Vp 111	FB21	F	=(AH21)*(AI21)*ET21
No Vp 111	FC21	F	=(AJ21)*(AI21)*ET21+1*EV21
No Vp 111	FD21	F	=20*(AI21)^2/(3*((AH21)-(AJ21))+4*(AI21))^2
No Vp 111	FE21	F	=15*((AH21)-(AJ21))^2/(3*((AH21)-(AJ21))+4*(AI21))^2
No Vp 111	FF21	F	=(0.2+FD21)/2
No Vp 111	FG21	F	=(-0.2-FD21)/2
No Vp 111	FH21	F	=(0.6+FE21)/2
No Vp 111	FI21	F	=SQRT(EX21)
No Vp 111	FJ21	F	=SQRT(EY21)
No Vp 111	FK21	F	=SQRT(EZ21)
No Vp 111	FL21	F	=SQRT(EX21/9+4*EY21/9+(4/9)*FA21)
No Vp 111	FM21	F	=SQRT((EX21+EY21+9*EZ21)/25+(-2*FA21+6*FB21-6*FC21)/25)
No Vp 111	FN21	F	=SQRT(FD21^2*(EX21+EY21)-2*FD21^2*FA21+FE21^2*EZ21+2*FD21*FE21*(FB21-FC21))
No Vp 111	FO21	F	=SQRT(FF21^2*EX21+FG21^2*EY21+FH21^2*EZ21+2*FF21*FG21*FA21+2*FF21*FH21*FB21+2*FG21*FH21*FC21)
No Vp 111	ET22	F	=(0.02/$B$40)^2+9*(0.001/$B$38)^2+(Q22/M22)^2
No Vp 111	EU22	F	=4*(AH22)^2*(0.0002/F22)^2
No Vp 111	EV22	F	=4*(AI22)^2*(0.0002/G22)^2
No Vp 111	EW22	F	=4*(AF22)^2*(0.0002/I22)^2
No Vp 111	EX22	F	=(AH22)^2*ET22+1*EU22
No Vp 111	EY22	F	=(AJ22)^2*ET22+1*EU22+1*EV22+9*EW22
No Vp 111	EZ22	F	=(AI22)^2*ET22+1*EV22
No Vp 111	FA22	F	=(AH22)*(AJ22)*ET22+1*EU22
No Vp 111	FB22	F	=(AH22)*(AI22)*ET22
No Vp 111	FC22	F	=(AJ22)*(AI22)*ET22+1*EV22
No Vp 111	FD22	F	=20*(AI22)^2/(3*((AH22)-(AJ22))+4*(AI22))^2
No Vp 111	FE22	F	=15*((AH22)-(AJ22))^2/(3*((AH22)-(AJ22))+4*(AI22))^2
No Vp 111	FF22	F	=(0.2+FD22)/2
No Vp 111	FG22	F	=(-0.2-FD22)/2
No Vp 111	FH22	F	=(0.6+FE22)/2
No Vp 111	FI22	F	=SQRT(EX22)
No Vp 111	FJ22	F	=SQRT(EY22)
No Vp 111	FK22	F	=SQRT(EZ22)
No Vp 111	FL22	F	=SQRT(EX22/9+4*EY22/9+(4/9)*FA22)
No Vp 111	FM22	F	=SQRT((EX22+EY22+9*EZ22)/25+(-2*FA22+6*FB22-6*FC22)/25)
No Vp 111	FN22	F	=SQRT(FD22^2*(EX22+EY22)-2*FD22^2*FA22+FE22^2*EZ22+2*FD22*FE22*(FB22-FC22))
No Vp 111	FO22	F	=SQRT(FF22^2*EX22+FG22^2*EY22+FH22^2*EZ22+2*FF22*FG22*FA22+2*FF22*FH22*FB22+2*FG22*FH22*FC22)
No Vp 111	ET23	F	=(0.02/$B$40)^2+9*(0.001/$B$38)^2+(Q23/M23)^2
No Vp 111	EU23	F	=4*(AH23)^2*(0.0002/F23)^2
No Vp 111	EV23	F	=4*(AI23)^2*(0.0002/G23)^2
No Vp 111	EW23	F	=4*(AF23)^2*(0.0002/I23)^2
No Vp 111	EX23	F	=(AH23)^2*ET23+1*EU23
No Vp 111	EY23	F	=(AJ23)^2*ET23+1*EU23+1*EV23+9*EW23
No Vp 111	EZ23	F	=(AI23)^2*ET23+1*EV23
No Vp 111	FA23	F	=(AH23)*(AJ23)*ET23+1*EU23
No Vp 111	FB23	F	=(AH23)*(AI23)*ET23
No Vp 111	FC23	F	=(AJ23)*(AI23)*ET23+1*EV23
No Vp 111	FD23	F	=20*(AI23)^2/(3*((AH23)-(AJ23))+4*(AI23))^2
No Vp 111	FE23	F	=15*((AH23)-(AJ23))^2/(3*((AH23)-(AJ23))+4*(AI23))^2
No Vp 111	FF23	F	=(0.2+FD23)/2
No Vp 111	FG23	F	=(-0.2-FD23)/2
No Vp 111	FH23	F	=(0.6+FE23)/2
No Vp 111	FI23	F	=SQRT(EX23)
No Vp 111	FJ23	F	=SQRT(EY23)
No Vp 111	FK23	F	=SQRT(EZ23)
No Vp 111	FL23	F	=SQRT(EX23/9+4*EY23/9+(4/9)*FA23)
No Vp 111	FM23	F	=SQRT((EX23+EY23+9*EZ23)/25+(-2*FA23+6*FB23-6*FC23)/25)
No Vp 111	FN23	F	=SQRT(FD23^2*(EX23+EY23)-2*FD23^2*FA23+FE23^2*EZ23+2*FD23*FE23*(FB23-FC23))
No Vp 111	FO23	F	=SQRT(FF23^2*EX23+FG23^2*EY23+FH23^2*EZ23+2*FF23*FG23*FA23+2*FF23*FH23*FB23+2*FG23*FH23*FC23)
No Vp 111	AB2	F	=SQRT((Q2/M2)^2+(0.0002/I2)^2)*AC2
No Vp 111	AB3	F	=SQRT((Q3/M3)^2+(0.0002/I3)^2)*AC3
No Vp 111	AB4	F	=SQRT((Q4/M4)^2+(0.0002/I4)^2)*AC4
No Vp 111	AB5	F	=SQRT((Q5/M5)^2+(0.0002/I5)^2)*AC5
No Vp 111	AB6	F	=SQRT((Q6/M6)^2+(0.0002/I6)^2)*AC6
No Vp 111	AB7	F	=SQRT((Q7/M7)^2+(0.0002/I7)^2)*AC7
No Vp 111	AB8	F	=SQRT((Q8/M8)^2+(0.0002/I8)^2)*AC8
No Vp 111	AB9	F	=SQRT((Q9/M9)^2+(0.0002/I9)^2)*AC9
No Vp 111	AB10	F	=SQRT((Q10/M10)^2+(0.0002/I10)^2)*AC10
No Vp 111	AB11	F	=SQRT((Q11/M11)^2+(0.0002/I11)^2)*AC11
No Vp 111	AB12	F	=SQRT((Q12/M12)^2+(0.0002/I12)^2)*AC12
No Vp 111	AB13	F	=SQRT((Q13/M13)^2+(0.0002/I13)^2)*AC13
No Vp 111	AB14	F	=SQRT((Q14/M14)^2+(0.0002/I14)^2)*AC14
No Vp 111	AB15	F	=SQRT((Q15/M15)^2+(0.0002/I15)^2)*AC15
No Vp 111	AB16	F	=SQRT((Q16/M16)^2+(0.0002/I16)^2)*AC16
No Vp 111	AB17	F	=SQRT((Q17/M17)^2+(0.0002/I17)^2)*AC17
No Vp 111	AB18	F	=SQRT((Q18/M18)^2+(0.0002/I18)^2)*AC18
No Vp 111	AB19	F	=SQRT((Q19/M19)^2+(0.0002/I19)^2)*AC19
No Vp 111	AB20	F	=SQRT((Q20/M20)^2+(0.0002/I20)^2)*AC20
No Vp 111	AB21	F	=SQRT((Q21/M21)^2+(0.0002/I21)^2)*AC21
No Vp 111	AB22	F	=SQRT((Q22/M22)^2+(0.0002/I22)^2)*AC22
No Vp 111	AB23	F	=SQRT((Q23/M23)^2+(0.0002/I23)^2)*AC23
No Vs 100	ET1	T	UNCERTAINTY BLOCK (per-point, 1sigma) -->
No Vs 100	EU1	T	B1
No Vs 100	EV1	T	B2
No Vs 100	EW1	T	B3
No Vs 100	EX1	T	VarC11
No Vs 100	EY1	T	VarC12
No Vs 100	EZ1	T	VarC44
No Vs 100	FA1	T	Cov1112
No Vs 100	FB1	T	Cov1144
No Vs 100	FC1	T	Cov1244
No Vs 100	FD1	T	GRg1
No Vs 100	FE1	T	GRg3
No Vs 100	FF1	T	GHg1
No Vs 100	FG1	T	GHg2
No Vs 100	FH1	T	GHg3
No Vs 100	FI1	T	sigC11
No Vs 100	FJ1	T	sigC12
No Vs 100	FK1	T	sigC44
No Vs 100	FL1	T	sigK
No Vs 100	FM1	T	sigGV
No Vs 100	FN1	T	sigGR
No Vs 100	FO1	T	sigGH
No Vs 100	ET2	F	=(0.02/$B$40)^2+9*(0.001/$B$38)^2+(Q2/M2)^2
No Vs 100	EU2	F	=4*(AH2)^2*(0.0002/F2)^2
No Vs 100	EV2	F	=4*(AF2)^2*(0.0002/H2)^2
No Vs 100	EW2	F	=4*(AG2)^2*(0.0002/I2)^2
No Vs 100	EX2	F	=(AH2)^2*ET2+1*EU2
No Vs 100	EY2	F	=(AJ2)^2*ET2+0.25*EU2+0.25*EV2+4*EW2
No Vs 100	EZ2	F	=(AI2)^2*ET2+0.25*EU2+0.25*EV2+1*EW2
No Vs 100	FA2	F	=(AH2)*(AJ2)*ET2+0.5*EU2
No Vs 100	FB2	F	=(AH2)*(AI2)*ET2+-0.5*EU2
No Vs 100	FC2	F	=(AJ2)*(AI2)*ET2+-0.25*EU2+0.25*EV2+-2*EW2
No Vs 100	FD2	F	=20*(AI2)^2/(3*((AH2)-(AJ2))+4*(AI2))^2
No Vs 100	FE2	F	=15*((AH2)-(AJ2))^2/(3*((AH2)-(AJ2))+4*(AI2))^2
No Vs 100	FF2	F	=(0.2+FD2)/2
No Vs 100	FG2	F	=(-0.2-FD2)/2
No Vs 100	FH2	F	=(0.6+FE2)/2
No Vs 100	FI2	F	=SQRT(EX2)
No Vs 100	FJ2	F	=SQRT(EY2)
No Vs 100	FK2	F	=SQRT(EZ2)
No Vs 100	FL2	F	=SQRT(EX2/9+4*EY2/9+(4/9)*FA2)
No Vs 100	FM2	F	=SQRT((EX2+EY2+9*EZ2)/25+(-2*FA2+6*FB2-6*FC2)/25)
No Vs 100	FN2	F	=SQRT(FD2^2*(EX2+EY2)-2*FD2^2*FA2+FE2^2*EZ2+2*FD2*FE2*(FB2-FC2))
No Vs 100	FO2	F	=SQRT(FF2^2*EX2+FG2^2*EY2+FH2^2*EZ2+2*FF2*FG2*FA2+2*FF2*FH2*FB2+2*FG2*FH2*FC2)
No Vs 100	ET3	F	=(0.02/$B$40)^2+9*(0.001/$B$38)^2+(Q3/M3)^2
No Vs 100	EU3	F	=4*(AH3)^2*(0.0002/F3)^2
No Vs 100	EV3	F	=4*(AF3)^2*(0.0002/H3)^2
No Vs 100	EW3	F	=4*(AG3)^2*(0.0002/I3)^2
No Vs 100	EX3	F	=(AH3)^2*ET3+1*EU3
No Vs 100	EY3	F	=(AJ3)^2*ET3+0.25*EU3+0.25*EV3+4*EW3
No Vs 100	EZ3	F	=(AI3)^2*ET3+0.25*EU3+0.25*EV3+1*EW3
No Vs 100	FA3	F	=(AH3)*(AJ3)*ET3+0.5*EU3
No Vs 100	FB3	F	=(AH3)*(AI3)*ET3+-0.5*EU3
No Vs 100	FC3	F	=(AJ3)*(AI3)*ET3+-0.25*EU3+0.25*EV3+-2*EW3
No Vs 100	FD3	F	=20*(AI3)^2/(3*((AH3)-(AJ3))+4*(AI3))^2
No Vs 100	FE3	F	=15*((AH3)-(AJ3))^2/(3*((AH3)-(AJ3))+4*(AI3))^2
No Vs 100	FF3	F	=(0.2+FD3)/2
No Vs 100	FG3	F	=(-0.2-FD3)/2
No Vs 100	FH3	F	=(0.6+FE3)/2
No Vs 100	FI3	F	=SQRT(EX3)
No Vs 100	FJ3	F	=SQRT(EY3)
No Vs 100	FK3	F	=SQRT(EZ3)
No Vs 100	FL3	F	=SQRT(EX3/9+4*EY3/9+(4/9)*FA3)
No Vs 100	FM3	F	=SQRT((EX3+EY3+9*EZ3)/25+(-2*FA3+6*FB3-6*FC3)/25)
No Vs 100	FN3	F	=SQRT(FD3^2*(EX3+EY3)-2*FD3^2*FA3+FE3^2*EZ3+2*FD3*FE3*(FB3-FC3))
No Vs 100	FO3	F	=SQRT(FF3^2*EX3+FG3^2*EY3+FH3^2*EZ3+2*FF3*FG3*FA3+2*FF3*FH3*FB3+2*FG3*FH3*FC3)
No Vs 100	ET4	F	=(0.02/$B$40)^2+9*(0.001/$B$38)^2+(Q4/M4)^2
No Vs 100	EU4	F	=4*(AH4)^2*(0.0002/F4)^2
No Vs 100	EV4	F	=4*(AF4)^2*(0.0002/H4)^2
No Vs 100	EW4	F	=4*(AG4)^2*(0.0002/I4)^2
No Vs 100	EX4	F	=(AH4)^2*ET4+1*EU4
No Vs 100	EY4	F	=(AJ4)^2*ET4+0.25*EU4+0.25*EV4+4*EW4
No Vs 100	EZ4	F	=(AI4)^2*ET4+0.25*EU4+0.25*EV4+1*EW4
No Vs 100	FA4	F	=(AH4)*(AJ4)*ET4+0.5*EU4
No Vs 100	FB4	F	=(AH4)*(AI4)*ET4+-0.5*EU4
No Vs 100	FC4	F	=(AJ4)*(AI4)*ET4+-0.25*EU4+0.25*EV4+-2*EW4
No Vs 100	FD4	F	=20*(AI4)^2/(3*((AH4)-(AJ4))+4*(AI4))^2
No Vs 100	FE4	F	=15*((AH4)-(AJ4))^2/(3*((AH4)-(AJ4))+4*(AI4))^2
No Vs 100	FF4	F	=(0.2+FD4)/2
No Vs 100	FG4	F	=(-0.2-FD4)/2
No Vs 100	FH4	F	=(0.6+FE4)/2
No Vs 100	FI4	F	=SQRT(EX4)
No Vs 100	FJ4	F	=SQRT(EY4)
No Vs 100	FK4	F	=SQRT(EZ4)
No Vs 100	FL4	F	=SQRT(EX4/9+4*EY4/9+(4/9)*FA4)
No Vs 100	FM4	F	=SQRT((EX4+EY4+9*EZ4)/25+(-2*FA4+6*FB4-6*FC4)/25)
No Vs 100	FN4	F	=SQRT(FD4^2*(EX4+EY4)-2*FD4^2*FA4+FE4^2*EZ4+2*FD4*FE4*(FB4-FC4))
No Vs 100	FO4	F	=SQRT(FF4^2*EX4+FG4^2*EY4+FH4^2*EZ4+2*FF4*FG4*FA4+2*FF4*FH4*FB4+2*FG4*FH4*FC4)
No Vs 100	ET5	F	=(0.02/$B$40)^2+9*(0.001/$B$38)^2+(Q5/M5)^2
No Vs 100	EU5	F	=4*(AH5)^2*(0.0002/F5)^2
No Vs 100	EV5	F	=4*(AF5)^2*(0.0002/H5)^2
No Vs 100	EW5	F	=4*(AG5)^2*(0.0002/I5)^2
No Vs 100	EX5	F	=(AH5)^2*ET5+1*EU5
No Vs 100	EY5	F	=(AJ5)^2*ET5+0.25*EU5+0.25*EV5+4*EW5
No Vs 100	EZ5	F	=(AI5)^2*ET5+0.25*EU5+0.25*EV5+1*EW5
No Vs 100	FA5	F	=(AH5)*(AJ5)*ET5+0.5*EU5
No Vs 100	FB5	F	=(AH5)*(AI5)*ET5+-0.5*EU5
No Vs 100	FC5	F	=(AJ5)*(AI5)*ET5+-0.25*EU5+0.25*EV5+-2*EW5
No Vs 100	FD5	F	=20*(AI5)^2/(3*((AH5)-(AJ5))+4*(AI5))^2
No Vs 100	FE5	F	=15*((AH5)-(AJ5))^2/(3*((AH5)-(AJ5))+4*(AI5))^2
No Vs 100	FF5	F	=(0.2+FD5)/2
No Vs 100	FG5	F	=(-0.2-FD5)/2
No Vs 100	FH5	F	=(0.6+FE5)/2
No Vs 100	FI5	F	=SQRT(EX5)
No Vs 100	FJ5	F	=SQRT(EY5)
No Vs 100	FK5	F	=SQRT(EZ5)
No Vs 100	FL5	F	=SQRT(EX5/9+4*EY5/9+(4/9)*FA5)
No Vs 100	FM5	F	=SQRT((EX5+EY5+9*EZ5)/25+(-2*FA5+6*FB5-6*FC5)/25)
No Vs 100	FN5	F	=SQRT(FD5^2*(EX5+EY5)-2*FD5^2*FA5+FE5^2*EZ5+2*FD5*FE5*(FB5-FC5))
No Vs 100	FO5	F	=SQRT(FF5^2*EX5+FG5^2*EY5+FH5^2*EZ5+2*FF5*FG5*FA5+2*FF5*FH5*FB5+2*FG5*FH5*FC5)
No Vs 100	ET6	F	=(0.02/$B$40)^2+9*(0.001/$B$38)^2+(Q6/M6)^2
No Vs 100	EU6	F	=4*(AH6)^2*(0.0002/F6)^2
No Vs 100	EV6	F	=4*(AF6)^2*(0.0002/H6)^2
No Vs 100	EW6	F	=4*(AG6)^2*(0.0002/I6)^2
No Vs 100	EX6	F	=(AH6)^2*ET6+1*EU6
No Vs 100	EY6	F	=(AJ6)^2*ET6+0.25*EU6+0.25*EV6+4*EW6
No Vs 100	EZ6	F	=(AI6)^2*ET6+0.25*EU6+0.25*EV6+1*EW6
No Vs 100	FA6	F	=(AH6)*(AJ6)*ET6+0.5*EU6
No Vs 100	FB6	F	=(AH6)*(AI6)*ET6+-0.5*EU6
No Vs 100	FC6	F	=(AJ6)*(AI6)*ET6+-0.25*EU6+0.25*EV6+-2*EW6
No Vs 100	FD6	F	=20*(AI6)^2/(3*((AH6)-(AJ6))+4*(AI6))^2
No Vs 100	FE6	F	=15*((AH6)-(AJ6))^2/(3*((AH6)-(AJ6))+4*(AI6))^2
No Vs 100	FF6	F	=(0.2+FD6)/2
No Vs 100	FG6	F	=(-0.2-FD6)/2
No Vs 100	FH6	F	=(0.6+FE6)/2
No Vs 100	FI6	F	=SQRT(EX6)
No Vs 100	FJ6	F	=SQRT(EY6)
No Vs 100	FK6	F	=SQRT(EZ6)
No Vs 100	FL6	F	=SQRT(EX6/9+4*EY6/9+(4/9)*FA6)
No Vs 100	FM6	F	=SQRT((EX6+EY6+9*EZ6)/25+(-2*FA6+6*FB6-6*FC6)/25)
No Vs 100	FN6	F	=SQRT(FD6^2*(EX6+EY6)-2*FD6^2*FA6+FE6^2*EZ6+2*FD6*FE6*(FB6-FC6))
No Vs 100	FO6	F	=SQRT(FF6^2*EX6+FG6^2*EY6+FH6^2*EZ6+2*FF6*FG6*FA6+2*FF6*FH6*FB6+2*FG6*FH6*FC6)
No Vs 100	ET7	F	=(0.02/$B$40)^2+9*(0.001/$B$38)^2+(Q7/M7)^2
No Vs 100	EU7	F	=4*(AH7)^2*(0.0002/F7)^2
No Vs 100	EV7	F	=4*(AF7)^2*(0.0002/H7)^2
No Vs 100	EW7	F	=4*(AG7)^2*(0.0002/I7)^2
No Vs 100	EX7	F	=(AH7)^2*ET7+1*EU7
No Vs 100	EY7	F	=(AJ7)^2*ET7+0.25*EU7+0.25*EV7+4*EW7
No Vs 100	EZ7	F	=(AI7)^2*ET7+0.25*EU7+0.25*EV7+1*EW7
No Vs 100	FA7	F	=(AH7)*(AJ7)*ET7+0.5*EU7
No Vs 100	FB7	F	=(AH7)*(AI7)*ET7+-0.5*EU7
No Vs 100	FC7	F	=(AJ7)*(AI7)*ET7+-0.25*EU7+0.25*EV7+-2*EW7
No Vs 100	FD7	F	=20*(AI7)^2/(3*((AH7)-(AJ7))+4*(AI7))^2
No Vs 100	FE7	F	=15*((AH7)-(AJ7))^2/(3*((AH7)-(AJ7))+4*(AI7))^2
No Vs 100	FF7	F	=(0.2+FD7)/2
No Vs 100	FG7	F	=(-0.2-FD7)/2
No Vs 100	FH7	F	=(0.6+FE7)/2
No Vs 100	FI7	F	=SQRT(EX7)
No Vs 100	FJ7	F	=SQRT(EY7)
No Vs 100	FK7	F	=SQRT(EZ7)
No Vs 100	FL7	F	=SQRT(EX7/9+4*EY7/9+(4/9)*FA7)
No Vs 100	FM7	F	=SQRT((EX7+EY7+9*EZ7)/25+(-2*FA7+6*FB7-6*FC7)/25)
No Vs 100	FN7	F	=SQRT(FD7^2*(EX7+EY7)-2*FD7^2*FA7+FE7^2*EZ7+2*FD7*FE7*(FB7-FC7))
No Vs 100	FO7	F	=SQRT(FF7^2*EX7+FG7^2*EY7+FH7^2*EZ7+2*FF7*FG7*FA7+2*FF7*FH7*FB7+2*FG7*FH7*FC7)
No Vs 100	ET8	F	=(0.02/$B$40)^2+9*(0.001/$B$38)^2+(Q8/M8)^2
No Vs 100	EU8	F	=4*(AH8)^2*(0.0002/F8)^2
No Vs 100	EV8	F	=4*(AF8)^2*(0.0002/H8)^2
No Vs 100	EW8	F	=4*(AG8)^2*(0.0002/I8)^2
No Vs 100	EX8	F	=(AH8)^2*ET8+1*EU8
No Vs 100	EY8	F	=(AJ8)^2*ET8+0.25*EU8+0.25*EV8+4*EW8
No Vs 100	EZ8	F	=(AI8)^2*ET8+0.25*EU8+0.25*EV8+1*EW8
No Vs 100	FA8	F	=(AH8)*(AJ8)*ET8+0.5*EU8
No Vs 100	FB8	F	=(AH8)*(AI8)*ET8+-0.5*EU8
No Vs 100	FC8	F	=(AJ8)*(AI8)*ET8+-0.25*EU8+0.25*EV8+-2*EW8
No Vs 100	FD8	F	=20*(AI8)^2/(3*((AH8)-(AJ8))+4*(AI8))^2
No Vs 100	FE8	F	=15*((AH8)-(AJ8))^2/(3*((AH8)-(AJ8))+4*(AI8))^2
No Vs 100	FF8	F	=(0.2+FD8)/2
No Vs 100	FG8	F	=(-0.2-FD8)/2
No Vs 100	FH8	F	=(0.6+FE8)/2
No Vs 100	FI8	F	=SQRT(EX8)
No Vs 100	FJ8	F	=SQRT(EY8)
No Vs 100	FK8	F	=SQRT(EZ8)
No Vs 100	FL8	F	=SQRT(EX8/9+4*EY8/9+(4/9)*FA8)
No Vs 100	FM8	F	=SQRT((EX8+EY8+9*EZ8)/25+(-2*FA8+6*FB8-6*FC8)/25)
No Vs 100	FN8	F	=SQRT(FD8^2*(EX8+EY8)-2*FD8^2*FA8+FE8^2*EZ8+2*FD8*FE8*(FB8-FC8))
No Vs 100	FO8	F	=SQRT(FF8^2*EX8+FG8^2*EY8+FH8^2*EZ8+2*FF8*FG8*FA8+2*FF8*FH8*FB8+2*FG8*FH8*FC8)
No Vs 100	ET9	F	=(0.02/$B$40)^2+9*(0.001/$B$38)^2+(Q9/M9)^2
No Vs 100	EU9	F	=4*(AH9)^2*(0.0002/F9)^2
No Vs 100	EV9	F	=4*(AF9)^2*(0.0002/H9)^2
No Vs 100	EW9	F	=4*(AG9)^2*(0.0002/I9)^2
No Vs 100	EX9	F	=(AH9)^2*ET9+1*EU9
No Vs 100	EY9	F	=(AJ9)^2*ET9+0.25*EU9+0.25*EV9+4*EW9
No Vs 100	EZ9	F	=(AI9)^2*ET9+0.25*EU9+0.25*EV9+1*EW9
No Vs 100	FA9	F	=(AH9)*(AJ9)*ET9+0.5*EU9
No Vs 100	FB9	F	=(AH9)*(AI9)*ET9+-0.5*EU9
No Vs 100	FC9	F	=(AJ9)*(AI9)*ET9+-0.25*EU9+0.25*EV9+-2*EW9
No Vs 100	FD9	F	=20*(AI9)^2/(3*((AH9)-(AJ9))+4*(AI9))^2
No Vs 100	FE9	F	=15*((AH9)-(AJ9))^2/(3*((AH9)-(AJ9))+4*(AI9))^2
No Vs 100	FF9	F	=(0.2+FD9)/2
No Vs 100	FG9	F	=(-0.2-FD9)/2
No Vs 100	FH9	F	=(0.6+FE9)/2
No Vs 100	FI9	F	=SQRT(EX9)
No Vs 100	FJ9	F	=SQRT(EY9)
No Vs 100	FK9	F	=SQRT(EZ9)
No Vs 100	FL9	F	=SQRT(EX9/9+4*EY9/9+(4/9)*FA9)
No Vs 100	FM9	F	=SQRT((EX9+EY9+9*EZ9)/25+(-2*FA9+6*FB9-6*FC9)/25)
No Vs 100	FN9	F	=SQRT(FD9^2*(EX9+EY9)-2*FD9^2*FA9+FE9^2*EZ9+2*FD9*FE9*(FB9-FC9))
No Vs 100	FO9	F	=SQRT(FF9^2*EX9+FG9^2*EY9+FH9^2*EZ9+2*FF9*FG9*FA9+2*FF9*FH9*FB9+2*FG9*FH9*FC9)
No Vs 100	ET10	F	=(0.02/$B$40)^2+9*(0.001/$B$38)^2+(Q10/M10)^2
No Vs 100	EU10	F	=4*(AH10)^2*(0.0002/F10)^2
No Vs 100	EV10	F	=4*(AF10)^2*(0.0002/H10)^2
No Vs 100	EW10	F	=4*(AG10)^2*(0.0002/I10)^2
No Vs 100	EX10	F	=(AH10)^2*ET10+1*EU10
No Vs 100	EY10	F	=(AJ10)^2*ET10+0.25*EU10+0.25*EV10+4*EW10
No Vs 100	EZ10	F	=(AI10)^2*ET10+0.25*EU10+0.25*EV10+1*EW10
No Vs 100	FA10	F	=(AH10)*(AJ10)*ET10+0.5*EU10
No Vs 100	FB10	F	=(AH10)*(AI10)*ET10+-0.5*EU10
No Vs 100	FC10	F	=(AJ10)*(AI10)*ET10+-0.25*EU10+0.25*EV10+-2*EW10
No Vs 100	FD10	F	=20*(AI10)^2/(3*((AH10)-(AJ10))+4*(AI10))^2
No Vs 100	FE10	F	=15*((AH10)-(AJ10))^2/(3*((AH10)-(AJ10))+4*(AI10))^2
No Vs 100	FF10	F	=(0.2+FD10)/2
No Vs 100	FG10	F	=(-0.2-FD10)/2
No Vs 100	FH10	F	=(0.6+FE10)/2
No Vs 100	FI10	F	=SQRT(EX10)
No Vs 100	FJ10	F	=SQRT(EY10)
No Vs 100	FK10	F	=SQRT(EZ10)
No Vs 100	FL10	F	=SQRT(EX10/9+4*EY10/9+(4/9)*FA10)
No Vs 100	FM10	F	=SQRT((EX10+EY10+9*EZ10)/25+(-2*FA10+6*FB10-6*FC10)/25)
No Vs 100	FN10	F	=SQRT(FD10^2*(EX10+EY10)-2*FD10^2*FA10+FE10^2*EZ10+2*FD10*FE10*(FB10-FC10))
No Vs 100	FO10	F	=SQRT(FF10^2*EX10+FG10^2*EY10+FH10^2*EZ10+2*FF10*FG10*FA10+2*FF10*FH10*FB10+2*FG10*FH10*FC10)
No Vs 100	ET11	F	=(0.02/$B$40)^2+9*(0.001/$B$38)^2+(Q11/M11)^2
No Vs 100	EU11	F	=4*(AH11)^2*(0.0002/F11)^2
No Vs 100	EV11	F	=4*(AF11)^2*(0.0002/H11)^2
No Vs 100	EW11	F	=4*(AG11)^2*(0.0002/I11)^2
No Vs 100	EX11	F	=(AH11)^2*ET11+1*EU11
No Vs 100	EY11	F	=(AJ11)^2*ET11+0.25*EU11+0.25*EV11+4*EW11
No Vs 100	EZ11	F	=(AI11)^2*ET11+0.25*EU11+0.25*EV11+1*EW11
No Vs 100	FA11	F	=(AH11)*(AJ11)*ET11+0.5*EU11
No Vs 100	FB11	F	=(AH11)*(AI11)*ET11+-0.5*EU11
No Vs 100	FC11	F	=(AJ11)*(AI11)*ET11+-0.25*EU11+0.25*EV11+-2*EW11
No Vs 100	FD11	F	=20*(AI11)^2/(3*((AH11)-(AJ11))+4*(AI11))^2
No Vs 100	FE11	F	=15*((AH11)-(AJ11))^2/(3*((AH11)-(AJ11))+4*(AI11))^2
No Vs 100	FF11	F	=(0.2+FD11)/2
No Vs 100	FG11	F	=(-0.2-FD11)/2
No Vs 100	FH11	F	=(0.6+FE11)/2
No Vs 100	FI11	F	=SQRT(EX11)
No Vs 100	FJ11	F	=SQRT(EY11)
No Vs 100	FK11	F	=SQRT(EZ11)
No Vs 100	FL11	F	=SQRT(EX11/9+4*EY11/9+(4/9)*FA11)
No Vs 100	FM11	F	=SQRT((EX11+EY11+9*EZ11)/25+(-2*FA11+6*FB11-6*FC11)/25)
No Vs 100	FN11	F	=SQRT(FD11^2*(EX11+EY11)-2*FD11^2*FA11+FE11^2*EZ11+2*FD11*FE11*(FB11-FC11))
No Vs 100	FO11	F	=SQRT(FF11^2*EX11+FG11^2*EY11+FH11^2*EZ11+2*FF11*FG11*FA11+2*FF11*FH11*FB11+2*FG11*FH11*FC11)
No Vs 100	ET12	F	=(0.02/$B$40)^2+9*(0.001/$B$38)^2+(Q12/M12)^2
No Vs 100	EU12	F	=4*(AH12)^2*(0.0002/F12)^2
No Vs 100	EV12	F	=4*(AF12)^2*(0.0002/H12)^2
No Vs 100	EW12	F	=4*(AG12)^2*(0.0002/I12)^2
No Vs 100	EX12	F	=(AH12)^2*ET12+1*EU12
No Vs 100	EY12	F	=(AJ12)^2*ET12+0.25*EU12+0.25*EV12+4*EW12
No Vs 100	EZ12	F	=(AI12)^2*ET12+0.25*EU12+0.25*EV12+1*EW12
No Vs 100	FA12	F	=(AH12)*(AJ12)*ET12+0.5*EU12
No Vs 100	FB12	F	=(AH12)*(AI12)*ET12+-0.5*EU12
No Vs 100	FC12	F	=(AJ12)*(AI12)*ET12+-0.25*EU12+0.25*EV12+-2*EW12
No Vs 100	FD12	F	=20*(AI12)^2/(3*((AH12)-(AJ12))+4*(AI12))^2
No Vs 100	FE12	F	=15*((AH12)-(AJ12))^2/(3*((AH12)-(AJ12))+4*(AI12))^2
No Vs 100	FF12	F	=(0.2+FD12)/2
No Vs 100	FG12	F	=(-0.2-FD12)/2
No Vs 100	FH12	F	=(0.6+FE12)/2
No Vs 100	FI12	F	=SQRT(EX12)
No Vs 100	FJ12	F	=SQRT(EY12)
No Vs 100	FK12	F	=SQRT(EZ12)
No Vs 100	FL12	F	=SQRT(EX12/9+4*EY12/9+(4/9)*FA12)
No Vs 100	FM12	F	=SQRT((EX12+EY12+9*EZ12)/25+(-2*FA12+6*FB12-6*FC12)/25)
No Vs 100	FN12	F	=SQRT(FD12^2*(EX12+EY12)-2*FD12^2*FA12+FE12^2*EZ12+2*FD12*FE12*(FB12-FC12))
No Vs 100	FO12	F	=SQRT(FF12^2*EX12+FG12^2*EY12+FH12^2*EZ12+2*FF12*FG12*FA12+2*FF12*FH12*FB12+2*FG12*FH12*FC12)
No Vs 100	ET13	F	=(0.02/$B$40)^2+9*(0.001/$B$38)^2+(Q13/M13)^2
No Vs 100	EU13	F	=4*(AH13)^2*(0.0002/F13)^2
No Vs 100	EV13	F	=4*(AF13)^2*(0.0002/H13)^2
No Vs 100	EW13	F	=4*(AG13)^2*(0.0002/I13)^2
No Vs 100	EX13	F	=(AH13)^2*ET13+1*EU13
No Vs 100	EY13	F	=(AJ13)^2*ET13+0.25*EU13+0.25*EV13+4*EW13
No Vs 100	EZ13	F	=(AI13)^2*ET13+0.25*EU13+0.25*EV13+1*EW13
No Vs 100	FA13	F	=(AH13)*(AJ13)*ET13+0.5*EU13
No Vs 100	FB13	F	=(AH13)*(AI13)*ET13+-0.5*EU13
No Vs 100	FC13	F	=(AJ13)*(AI13)*ET13+-0.25*EU13+0.25*EV13+-2*EW13
No Vs 100	FD13	F	=20*(AI13)^2/(3*((AH13)-(AJ13))+4*(AI13))^2
No Vs 100	FE13	F	=15*((AH13)-(AJ13))^2/(3*((AH13)-(AJ13))+4*(AI13))^2
No Vs 100	FF13	F	=(0.2+FD13)/2
No Vs 100	FG13	F	=(-0.2-FD13)/2
No Vs 100	FH13	F	=(0.6+FE13)/2
No Vs 100	FI13	F	=SQRT(EX13)
No Vs 100	FJ13	F	=SQRT(EY13)
No Vs 100	FK13	F	=SQRT(EZ13)
No Vs 100	FL13	F	=SQRT(EX13/9+4*EY13/9+(4/9)*FA13)
No Vs 100	FM13	F	=SQRT((EX13+EY13+9*EZ13)/25+(-2*FA13+6*FB13-6*FC13)/25)
No Vs 100	FN13	F	=SQRT(FD13^2*(EX13+EY13)-2*FD13^2*FA13+FE13^2*EZ13+2*FD13*FE13*(FB13-FC13))
No Vs 100	FO13	F	=SQRT(FF13^2*EX13+FG13^2*EY13+FH13^2*EZ13+2*FF13*FG13*FA13+2*FF13*FH13*FB13+2*FG13*FH13*FC13)
No Vs 100	ET14	F	=(0.02/$B$40)^2+9*(0.001/$B$38)^2+(Q14/M14)^2
No Vs 100	EU14	F	=4*(AH14)^2*(0.0002/F14)^2
No Vs 100	EV14	F	=4*(AF14)^2*(0.0002/H14)^2
No Vs 100	EW14	F	=4*(AG14)^2*(0.0002/I14)^2
No Vs 100	EX14	F	=(AH14)^2*ET14+1*EU14
No Vs 100	EY14	F	=(AJ14)^2*ET14+0.25*EU14+0.25*EV14+4*EW14
No Vs 100	EZ14	F	=(AI14)^2*ET14+0.25*EU14+0.25*EV14+1*EW14
No Vs 100	FA14	F	=(AH14)*(AJ14)*ET14+0.5*EU14
No Vs 100	FB14	F	=(AH14)*(AI14)*ET14+-0.5*EU14
No Vs 100	FC14	F	=(AJ14)*(AI14)*ET14+-0.25*EU14+0.25*EV14+-2*EW14
No Vs 100	FD14	F	=20*(AI14)^2/(3*((AH14)-(AJ14))+4*(AI14))^2
No Vs 100	FE14	F	=15*((AH14)-(AJ14))^2/(3*((AH14)-(AJ14))+4*(AI14))^2
No Vs 100	FF14	F	=(0.2+FD14)/2
No Vs 100	FG14	F	=(-0.2-FD14)/2
No Vs 100	FH14	F	=(0.6+FE14)/2
No Vs 100	FI14	F	=SQRT(EX14)
No Vs 100	FJ14	F	=SQRT(EY14)
No Vs 100	FK14	F	=SQRT(EZ14)
No Vs 100	FL14	F	=SQRT(EX14/9+4*EY14/9+(4/9)*FA14)
No Vs 100	FM14	F	=SQRT((EX14+EY14+9*EZ14)/25+(-2*FA14+6*FB14-6*FC14)/25)
No Vs 100	FN14	F	=SQRT(FD14^2*(EX14+EY14)-2*FD14^2*FA14+FE14^2*EZ14+2*FD14*FE14*(FB14-FC14))
No Vs 100	FO14	F	=SQRT(FF14^2*EX14+FG14^2*EY14+FH14^2*EZ14+2*FF14*FG14*FA14+2*FF14*FH14*FB14+2*FG14*FH14*FC14)
No Vs 100	ET15	F	=(0.02/$B$40)^2+9*(0.001/$B$38)^2+(Q15/M15)^2
No Vs 100	EU15	F	=4*(AH15)^2*(0.0002/F15)^2
No Vs 100	EV15	F	=4*(AF15)^2*(0.0002/H15)^2
No Vs 100	EW15	F	=4*(AG15)^2*(0.0002/I15)^2
No Vs 100	EX15	F	=(AH15)^2*ET15+1*EU15
No Vs 100	EY15	F	=(AJ15)^2*ET15+0.25*EU15+0.25*EV15+4*EW15
No Vs 100	EZ15	F	=(AI15)^2*ET15+0.25*EU15+0.25*EV15+1*EW15
No Vs 100	FA15	F	=(AH15)*(AJ15)*ET15+0.5*EU15
No Vs 100	FB15	F	=(AH15)*(AI15)*ET15+-0.5*EU15
No Vs 100	FC15	F	=(AJ15)*(AI15)*ET15+-0.25*EU15+0.25*EV15+-2*EW15
No Vs 100	FD15	F	=20*(AI15)^2/(3*((AH15)-(AJ15))+4*(AI15))^2
No Vs 100	FE15	F	=15*((AH15)-(AJ15))^2/(3*((AH15)-(AJ15))+4*(AI15))^2
No Vs 100	FF15	F	=(0.2+FD15)/2
No Vs 100	FG15	F	=(-0.2-FD15)/2
No Vs 100	FH15	F	=(0.6+FE15)/2
No Vs 100	FI15	F	=SQRT(EX15)
No Vs 100	FJ15	F	=SQRT(EY15)
No Vs 100	FK15	F	=SQRT(EZ15)
No Vs 100	FL15	F	=SQRT(EX15/9+4*EY15/9+(4/9)*FA15)
No Vs 100	FM15	F	=SQRT((EX15+EY15+9*EZ15)/25+(-2*FA15+6*FB15-6*FC15)/25)
No Vs 100	FN15	F	=SQRT(FD15^2*(EX15+EY15)-2*FD15^2*FA15+FE15^2*EZ15+2*FD15*FE15*(FB15-FC15))
No Vs 100	FO15	F	=SQRT(FF15^2*EX15+FG15^2*EY15+FH15^2*EZ15+2*FF15*FG15*FA15+2*FF15*FH15*FB15+2*FG15*FH15*FC15)
No Vs 100	ET16	F	=(0.02/$B$40)^2+9*(0.001/$B$38)^2+(Q16/M16)^2
No Vs 100	EU16	F	=4*(AH16)^2*(0.0002/F16)^2
No Vs 100	EV16	F	=4*(AF16)^2*(0.0002/H16)^2
No Vs 100	EW16	F	=4*(AG16)^2*(0.0002/I16)^2
No Vs 100	EX16	F	=(AH16)^2*ET16+1*EU16
No Vs 100	EY16	F	=(AJ16)^2*ET16+0.25*EU16+0.25*EV16+4*EW16
No Vs 100	EZ16	F	=(AI16)^2*ET16+0.25*EU16+0.25*EV16+1*EW16
No Vs 100	FA16	F	=(AH16)*(AJ16)*ET16+0.5*EU16
No Vs 100	FB16	F	=(AH16)*(AI16)*ET16+-0.5*EU16
No Vs 100	FC16	F	=(AJ16)*(AI16)*ET16+-0.25*EU16+0.25*EV16+-2*EW16
No Vs 100	FD16	F	=20*(AI16)^2/(3*((AH16)-(AJ16))+4*(AI16))^2
No Vs 100	FE16	F	=15*((AH16)-(AJ16))^2/(3*((AH16)-(AJ16))+4*(AI16))^2
No Vs 100	FF16	F	=(0.2+FD16)/2
No Vs 100	FG16	F	=(-0.2-FD16)/2
No Vs 100	FH16	F	=(0.6+FE16)/2
No Vs 100	FI16	F	=SQRT(EX16)
No Vs 100	FJ16	F	=SQRT(EY16)
No Vs 100	FK16	F	=SQRT(EZ16)
No Vs 100	FL16	F	=SQRT(EX16/9+4*EY16/9+(4/9)*FA16)
No Vs 100	FM16	F	=SQRT((EX16+EY16+9*EZ16)/25+(-2*FA16+6*FB16-6*FC16)/25)
No Vs 100	FN16	F	=SQRT(FD16^2*(EX16+EY16)-2*FD16^2*FA16+FE16^2*EZ16+2*FD16*FE16*(FB16-FC16))
No Vs 100	FO16	F	=SQRT(FF16^2*EX16+FG16^2*EY16+FH16^2*EZ16+2*FF16*FG16*FA16+2*FF16*FH16*FB16+2*FG16*FH16*FC16)
No Vs 100	ET17	F	=(0.02/$B$40)^2+9*(0.001/$B$38)^2+(Q17/M17)^2
No Vs 100	EU17	F	=4*(AH17)^2*(0.0002/F17)^2
No Vs 100	EV17	F	=4*(AF17)^2*(0.0002/H17)^2
No Vs 100	EW17	F	=4*(AG17)^2*(0.0002/I17)^2
No Vs 100	EX17	F	=(AH17)^2*ET17+1*EU17
No Vs 100	EY17	F	=(AJ17)^2*ET17+0.25*EU17+0.25*EV17+4*EW17
No Vs 100	EZ17	F	=(AI17)^2*ET17+0.25*EU17+0.25*EV17+1*EW17
No Vs 100	FA17	F	=(AH17)*(AJ17)*ET17+0.5*EU17
No Vs 100	FB17	F	=(AH17)*(AI17)*ET17+-0.5*EU17
No Vs 100	FC17	F	=(AJ17)*(AI17)*ET17+-0.25*EU17+0.25*EV17+-2*EW17
No Vs 100	FD17	F	=20*(AI17)^2/(3*((AH17)-(AJ17))+4*(AI17))^2
No Vs 100	FE17	F	=15*((AH17)-(AJ17))^2/(3*((AH17)-(AJ17))+4*(AI17))^2
No Vs 100	FF17	F	=(0.2+FD17)/2
No Vs 100	FG17	F	=(-0.2-FD17)/2
No Vs 100	FH17	F	=(0.6+FE17)/2
No Vs 100	FI17	F	=SQRT(EX17)
No Vs 100	FJ17	F	=SQRT(EY17)
No Vs 100	FK17	F	=SQRT(EZ17)
No Vs 100	FL17	F	=SQRT(EX17/9+4*EY17/9+(4/9)*FA17)
No Vs 100	FM17	F	=SQRT((EX17+EY17+9*EZ17)/25+(-2*FA17+6*FB17-6*FC17)/25)
No Vs 100	FN17	F	=SQRT(FD17^2*(EX17+EY17)-2*FD17^2*FA17+FE17^2*EZ17+2*FD17*FE17*(FB17-FC17))
No Vs 100	FO17	F	=SQRT(FF17^2*EX17+FG17^2*EY17+FH17^2*EZ17+2*FF17*FG17*FA17+2*FF17*FH17*FB17+2*FG17*FH17*FC17)
No Vs 100	ET18	F	=(0.02/$B$40)^2+9*(0.001/$B$38)^2+(Q18/M18)^2
No Vs 100	EU18	F	=4*(AH18)^2*(0.0002/F18)^2
No Vs 100	EV18	F	=4*(AF18)^2*(0.0002/H18)^2
No Vs 100	EW18	F	=4*(AG18)^2*(0.0002/I18)^2
No Vs 100	EX18	F	=(AH18)^2*ET18+1*EU18
No Vs 100	EY18	F	=(AJ18)^2*ET18+0.25*EU18+0.25*EV18+4*EW18
No Vs 100	EZ18	F	=(AI18)^2*ET18+0.25*EU18+0.25*EV18+1*EW18
No Vs 100	FA18	F	=(AH18)*(AJ18)*ET18+0.5*EU18
No Vs 100	FB18	F	=(AH18)*(AI18)*ET18+-0.5*EU18
No Vs 100	FC18	F	=(AJ18)*(AI18)*ET18+-0.25*EU18+0.25*EV18+-2*EW18
No Vs 100	FD18	F	=20*(AI18)^2/(3*((AH18)-(AJ18))+4*(AI18))^2
No Vs 100	FE18	F	=15*((AH18)-(AJ18))^2/(3*((AH18)-(AJ18))+4*(AI18))^2
No Vs 100	FF18	F	=(0.2+FD18)/2
No Vs 100	FG18	F	=(-0.2-FD18)/2
No Vs 100	FH18	F	=(0.6+FE18)/2
No Vs 100	FI18	F	=SQRT(EX18)
No Vs 100	FJ18	F	=SQRT(EY18)
No Vs 100	FK18	F	=SQRT(EZ18)
No Vs 100	FL18	F	=SQRT(EX18/9+4*EY18/9+(4/9)*FA18)
No Vs 100	FM18	F	=SQRT((EX18+EY18+9*EZ18)/25+(-2*FA18+6*FB18-6*FC18)/25)
No Vs 100	FN18	F	=SQRT(FD18^2*(EX18+EY18)-2*FD18^2*FA18+FE18^2*EZ18+2*FD18*FE18*(FB18-FC18))
No Vs 100	FO18	F	=SQRT(FF18^2*EX18+FG18^2*EY18+FH18^2*EZ18+2*FF18*FG18*FA18+2*FF18*FH18*FB18+2*FG18*FH18*FC18)
No Vs 100	ET19	F	=(0.02/$B$40)^2+9*(0.001/$B$38)^2+(Q19/M19)^2
No Vs 100	EU19	F	=4*(AH19)^2*(0.0002/F19)^2
No Vs 100	EV19	F	=4*(AF19)^2*(0.0002/H19)^2
No Vs 100	EW19	F	=4*(AG19)^2*(0.0002/I19)^2
No Vs 100	EX19	F	=(AH19)^2*ET19+1*EU19
No Vs 100	EY19	F	=(AJ19)^2*ET19+0.25*EU19+0.25*EV19+4*EW19
No Vs 100	EZ19	F	=(AI19)^2*ET19+0.25*EU19+0.25*EV19+1*EW19
No Vs 100	FA19	F	=(AH19)*(AJ19)*ET19+0.5*EU19
No Vs 100	FB19	F	=(AH19)*(AI19)*ET19+-0.5*EU19
No Vs 100	FC19	F	=(AJ19)*(AI19)*ET19+-0.25*EU19+0.25*EV19+-2*EW19
No Vs 100	FD19	F	=20*(AI19)^2/(3*((AH19)-(AJ19))+4*(AI19))^2
No Vs 100	FE19	F	=15*((AH19)-(AJ19))^2/(3*((AH19)-(AJ19))+4*(AI19))^2
No Vs 100	FF19	F	=(0.2+FD19)/2
No Vs 100	FG19	F	=(-0.2-FD19)/2
No Vs 100	FH19	F	=(0.6+FE19)/2
No Vs 100	FI19	F	=SQRT(EX19)
No Vs 100	FJ19	F	=SQRT(EY19)
No Vs 100	FK19	F	=SQRT(EZ19)
No Vs 100	FL19	F	=SQRT(EX19/9+4*EY19/9+(4/9)*FA19)
No Vs 100	FM19	F	=SQRT((EX19+EY19+9*EZ19)/25+(-2*FA19+6*FB19-6*FC19)/25)
No Vs 100	FN19	F	=SQRT(FD19^2*(EX19+EY19)-2*FD19^2*FA19+FE19^2*EZ19+2*FD19*FE19*(FB19-FC19))
No Vs 100	FO19	F	=SQRT(FF19^2*EX19+FG19^2*EY19+FH19^2*EZ19+2*FF19*FG19*FA19+2*FF19*FH19*FB19+2*FG19*FH19*FC19)
No Vs 100	ET20	F	=(0.02/$B$40)^2+9*(0.001/$B$38)^2+(Q20/M20)^2
No Vs 100	EU20	F	=4*(AH20)^2*(0.0002/F20)^2
No Vs 100	EV20	F	=4*(AF20)^2*(0.0002/H20)^2
No Vs 100	EW20	F	=4*(AG20)^2*(0.0002/I20)^2
No Vs 100	EX20	F	=(AH20)^2*ET20+1*EU20
No Vs 100	EY20	F	=(AJ20)^2*ET20+0.25*EU20+0.25*EV20+4*EW20
No Vs 100	EZ20	F	=(AI20)^2*ET20+0.25*EU20+0.25*EV20+1*EW20
No Vs 100	FA20	F	=(AH20)*(AJ20)*ET20+0.5*EU20
No Vs 100	FB20	F	=(AH20)*(AI20)*ET20+-0.5*EU20
No Vs 100	FC20	F	=(AJ20)*(AI20)*ET20+-0.25*EU20+0.25*EV20+-2*EW20
No Vs 100	FD20	F	=20*(AI20)^2/(3*((AH20)-(AJ20))+4*(AI20))^2
No Vs 100	FE20	F	=15*((AH20)-(AJ20))^2/(3*((AH20)-(AJ20))+4*(AI20))^2
No Vs 100	FF20	F	=(0.2+FD20)/2
No Vs 100	FG20	F	=(-0.2-FD20)/2
No Vs 100	FH20	F	=(0.6+FE20)/2
No Vs 100	FI20	F	=SQRT(EX20)
No Vs 100	FJ20	F	=SQRT(EY20)
No Vs 100	FK20	F	=SQRT(EZ20)
No Vs 100	FL20	F	=SQRT(EX20/9+4*EY20/9+(4/9)*FA20)
No Vs 100	FM20	F	=SQRT((EX20+EY20+9*EZ20)/25+(-2*FA20+6*FB20-6*FC20)/25)
No Vs 100	FN20	F	=SQRT(FD20^2*(EX20+EY20)-2*FD20^2*FA20+FE20^2*EZ20+2*FD20*FE20*(FB20-FC20))
No Vs 100	FO20	F	=SQRT(FF20^2*EX20+FG20^2*EY20+FH20^2*EZ20+2*FF20*FG20*FA20+2*FF20*FH20*FB20+2*FG20*FH20*FC20)
No Vs 100	ET21	F	=(0.02/$B$40)^2+9*(0.001/$B$38)^2+(Q21/M21)^2
No Vs 100	EU21	F	=4*(AH21)^2*(0.0002/F21)^2
No Vs 100	EV21	F	=4*(AF21)^2*(0.0002/H21)^2
No Vs 100	EW21	F	=4*(AG21)^2*(0.0002/I21)^2
No Vs 100	EX21	F	=(AH21)^2*ET21+1*EU21
No Vs 100	EY21	F	=(AJ21)^2*ET21+0.25*EU21+0.25*EV21+4*EW21
No Vs 100	EZ21	F	=(AI21)^2*ET21+0.25*EU21+0.25*EV21+1*EW21
No Vs 100	FA21	F	=(AH21)*(AJ21)*ET21+0.5*EU21
No Vs 100	FB21	F	=(AH21)*(AI21)*ET21+-0.5*EU21
No Vs 100	FC21	F	=(AJ21)*(AI21)*ET21+-0.25*EU21+0.25*EV21+-2*EW21
No Vs 100	FD21	F	=20*(AI21)^2/(3*((AH21)-(AJ21))+4*(AI21))^2
No Vs 100	FE21	F	=15*((AH21)-(AJ21))^2/(3*((AH21)-(AJ21))+4*(AI21))^2
No Vs 100	FF21	F	=(0.2+FD21)/2
No Vs 100	FG21	F	=(-0.2-FD21)/2
No Vs 100	FH21	F	=(0.6+FE21)/2
No Vs 100	FI21	F	=SQRT(EX21)
No Vs 100	FJ21	F	=SQRT(EY21)
No Vs 100	FK21	F	=SQRT(EZ21)
No Vs 100	FL21	F	=SQRT(EX21/9+4*EY21/9+(4/9)*FA21)
No Vs 100	FM21	F	=SQRT((EX21+EY21+9*EZ21)/25+(-2*FA21+6*FB21-6*FC21)/25)
No Vs 100	FN21	F	=SQRT(FD21^2*(EX21+EY21)-2*FD21^2*FA21+FE21^2*EZ21+2*FD21*FE21*(FB21-FC21))
No Vs 100	FO21	F	=SQRT(FF21^2*EX21+FG21^2*EY21+FH21^2*EZ21+2*FF21*FG21*FA21+2*FF21*FH21*FB21+2*FG21*FH21*FC21)
No Vs 100	ET22	F	=(0.02/$B$40)^2+9*(0.001/$B$38)^2+(Q22/M22)^2
No Vs 100	EU22	F	=4*(AH22)^2*(0.0002/F22)^2
No Vs 100	EV22	F	=4*(AF22)^2*(0.0002/H22)^2
No Vs 100	EW22	F	=4*(AG22)^2*(0.0002/I22)^2
No Vs 100	EX22	F	=(AH22)^2*ET22+1*EU22
No Vs 100	EY22	F	=(AJ22)^2*ET22+0.25*EU22+0.25*EV22+4*EW22
No Vs 100	EZ22	F	=(AI22)^2*ET22+0.25*EU22+0.25*EV22+1*EW22
No Vs 100	FA22	F	=(AH22)*(AJ22)*ET22+0.5*EU22
No Vs 100	FB22	F	=(AH22)*(AI22)*ET22+-0.5*EU22
No Vs 100	FC22	F	=(AJ22)*(AI22)*ET22+-0.25*EU22+0.25*EV22+-2*EW22
No Vs 100	FD22	F	=20*(AI22)^2/(3*((AH22)-(AJ22))+4*(AI22))^2
No Vs 100	FE22	F	=15*((AH22)-(AJ22))^2/(3*((AH22)-(AJ22))+4*(AI22))^2
No Vs 100	FF22	F	=(0.2+FD22)/2
No Vs 100	FG22	F	=(-0.2-FD22)/2
No Vs 100	FH22	F	=(0.6+FE22)/2
No Vs 100	FI22	F	=SQRT(EX22)
No Vs 100	FJ22	F	=SQRT(EY22)
No Vs 100	FK22	F	=SQRT(EZ22)
No Vs 100	FL22	F	=SQRT(EX22/9+4*EY22/9+(4/9)*FA22)
No Vs 100	FM22	F	=SQRT((EX22+EY22+9*EZ22)/25+(-2*FA22+6*FB22-6*FC22)/25)
No Vs 100	FN22	F	=SQRT(FD22^2*(EX22+EY22)-2*FD22^2*FA22+FE22^2*EZ22+2*FD22*FE22*(FB22-FC22))
No Vs 100	FO22	F	=SQRT(FF22^2*EX22+FG22^2*EY22+FH22^2*EZ22+2*FF22*FG22*FA22+2*FF22*FH22*FB22+2*FG22*FH22*FC22)
No Vs 100	ET23	F	=(0.02/$B$40)^2+9*(0.001/$B$38)^2+(Q23/M23)^2
No Vs 100	EU23	F	=4*(AH23)^2*(0.0002/F23)^2
No Vs 100	EV23	F	=4*(AF23)^2*(0.0002/H23)^2
No Vs 100	EW23	F	=4*(AG23)^2*(0.0002/I23)^2
No Vs 100	EX23	F	=(AH23)^2*ET23+1*EU23
No Vs 100	EY23	F	=(AJ23)^2*ET23+0.25*EU23+0.25*EV23+4*EW23
No Vs 100	EZ23	F	=(AI23)^2*ET23+0.25*EU23+0.25*EV23+1*EW23
No Vs 100	FA23	F	=(AH23)*(AJ23)*ET23+0.5*EU23
No Vs 100	FB23	F	=(AH23)*(AI23)*ET23+-0.5*EU23
No Vs 100	FC23	F	=(AJ23)*(AI23)*ET23+-0.25*EU23+0.25*EV23+-2*EW23
No Vs 100	FD23	F	=20*(AI23)^2/(3*((AH23)-(AJ23))+4*(AI23))^2
No Vs 100	FE23	F	=15*((AH23)-(AJ23))^2/(3*((AH23)-(AJ23))+4*(AI23))^2
No Vs 100	FF23	F	=(0.2+FD23)/2
No Vs 100	FG23	F	=(-0.2-FD23)/2
No Vs 100	FH23	F	=(0.6+FE23)/2
No Vs 100	FI23	F	=SQRT(EX23)
No Vs 100	FJ23	F	=SQRT(EY23)
No Vs 100	FK23	F	=SQRT(EZ23)
No Vs 100	FL23	F	=SQRT(EX23/9+4*EY23/9+(4/9)*FA23)
No Vs 100	FM23	F	=SQRT((EX23+EY23+9*EZ23)/25+(-2*FA23+6*FB23-6*FC23)/25)
No Vs 100	FN23	F	=SQRT(FD23^2*(EX23+EY23)-2*FD23^2*FA23+FE23^2*EZ23+2*FD23*FE23*(FB23-FC23))
No Vs 100	FO23	F	=SQRT(FF23^2*EX23+FG23^2*EY23+FH23^2*EZ23+2*FF23*FG23*FA23+2*FF23*FH23*FB23+2*FG23*FH23*FC23)
No Vs 100	AB2	F	=SQRT((Q2/M2)^2+(0.0002/I2)^2)*AD2
No Vs 100	AB3	F	=SQRT((Q3/M3)^2+(0.0002/I3)^2)*AD3
No Vs 100	AB4	F	=SQRT((Q4/M4)^2+(0.0002/I4)^2)*AD4
No Vs 100	AB5	F	=SQRT((Q5/M5)^2+(0.0002/I5)^2)*AD5
No Vs 100	AB6	F	=SQRT((Q6/M6)^2+(0.0002/I6)^2)*AD6
No Vs 100	AB7	F	=SQRT((Q7/M7)^2+(0.0002/I7)^2)*AD7
No Vs 100	AB8	F	=SQRT((Q8/M8)^2+(0.0002/I8)^2)*AD8
No Vs 100	AB9	F	=SQRT((Q9/M9)^2+(0.0002/I9)^2)*AD9
No Vs 100	AB10	F	=SQRT((Q10/M10)^2+(0.0002/I10)^2)*AD10
No Vs 100	AB11	F	=SQRT((Q11/M11)^2+(0.0002/I11)^2)*AD11
No Vs 100	AB12	F	=SQRT((Q12/M12)^2+(0.0002/I12)^2)*AD12
No Vs 100	AB13	F	=SQRT((Q13/M13)^2+(0.0002/I13)^2)*AD13
No Vs 100	AB14	F	=SQRT((Q14/M14)^2+(0.0002/I14)^2)*AD14
No Vs 100	AB15	F	=SQRT((Q15/M15)^2+(0.0002/I15)^2)*AD15
No Vs 100	AB16	F	=SQRT((Q16/M16)^2+(0.0002/I16)^2)*AD16
No Vs 100	AB17	F	=SQRT((Q17/M17)^2+(0.0002/I17)^2)*AD17
No Vs 100	AB18	F	=SQRT((Q18/M18)^2+(0.0002/I18)^2)*AD18
No Vs 100	AB19	F	=SQRT((Q19/M19)^2+(0.0002/I19)^2)*AD19
No Vs 100	AB20	F	=SQRT((Q20/M20)^2+(0.0002/I20)^2)*AD20
No Vs 100	AB21	F	=SQRT((Q21/M21)^2+(0.0002/I21)^2)*AD21
No Vs 100	AB22	F	=SQRT((Q22/M22)^2+(0.0002/I22)^2)*AD22
No Vs 100	AB23	F	=SQRT((Q23/M23)^2+(0.0002/I23)^2)*AD23
No Vp 100	ET1	T	UNCERTAINTY BLOCK (per-point, 1sigma) -->
No Vp 100	EU1	T	B1
No Vp 100	EV1	T	B2
No Vp 100	EW1	T	B3
No Vp 100	EX1	T	VarC11
No Vp 100	EY1	T	VarC12
No Vp 100	EZ1	T	VarC44
No Vp 100	FA1	T	Cov1112
No Vp 100	FB1	T	Cov1144
No Vp 100	FC1	T	Cov1244
No Vp 100	FD1	T	GRg1
No Vp 100	FE1	T	GRg3
No Vp 100	FF1	T	GHg1
No Vp 100	FG1	T	GHg2
No Vp 100	FH1	T	GHg3
No Vp 100	FI1	T	sigC11
No Vp 100	FJ1	T	sigC12
No Vp 100	FK1	T	sigC44
No Vp 100	FL1	T	sigK
No Vp 100	FM1	T	sigGV
No Vp 100	FN1	T	sigGR
No Vp 100	FO1	T	sigGH
No Vp 100	ET2	F	=(0.02/$B$40)^2+9*(0.001/$B$38)^2+(Q2/M2)^2
No Vp 100	EU2	F	=4*(AJ2)^2*(0.0002/G2)^2
No Vp 100	EV2	F	=4*(AH2)^2*(0.0002/H2)^2
No Vp 100	EW2	F	=4*(AI2)^2*(0.0002/I2)^2
No Vp 100	EX2	F	=(AL2)^2*ET2+4*EU2+1*EV2+4*EW2
No Vp 100	EY2	F	=(AK2)^2*ET2+1*EU2+1*EV2+1*EW2
No Vp 100	EZ2	F	=(AJ2)^2*ET2+1*EU2
No Vp 100	FA2	F	=(AL2)*(AK2)*ET2+2*EU2+1*EV2+-2*EW2
No Vp 100	FB2	F	=(AL2)*(AJ2)*ET2+-2*EU2
No Vp 100	FC2	F	=(AK2)*(AJ2)*ET2+-1*EU2
No Vp 100	FD2	F	=20*(AJ2)^2/(3*((AL2)-(AK2))+4*(AJ2))^2
No Vp 100	FE2	F	=15*((AL2)-(AK2))^2/(3*((AL2)-(AK2))+4*(AJ2))^2
No Vp 100	FF2	F	=(0.2+FD2)/2
No Vp 100	FG2	F	=(-0.2-FD2)/2
No Vp 100	FH2	F	=(0.6+FE2)/2
No Vp 100	FI2	F	=SQRT(EX2)
No Vp 100	FJ2	F	=SQRT(EY2)
No Vp 100	FK2	F	=SQRT(EZ2)
No Vp 100	FL2	F	=SQRT(EX2/9+4*EY2/9+(4/9)*FA2)
No Vp 100	FM2	F	=SQRT((EX2+EY2+9*EZ2)/25+(-2*FA2+6*FB2-6*FC2)/25)
No Vp 100	FN2	F	=SQRT(FD2^2*(EX2+EY2)-2*FD2^2*FA2+FE2^2*EZ2+2*FD2*FE2*(FB2-FC2))
No Vp 100	FO2	F	=SQRT(FF2^2*EX2+FG2^2*EY2+FH2^2*EZ2+2*FF2*FG2*FA2+2*FF2*FH2*FB2+2*FG2*FH2*FC2)
No Vp 100	ET3	F	=(0.02/$B$40)^2+9*(0.001/$B$38)^2+(Q3/M3)^2
No Vp 100	EU3	F	=4*(AJ3)^2*(0.0002/G3)^2
No Vp 100	EV3	F	=4*(AH3)^2*(0.0002/H3)^2
No Vp 100	EW3	F	=4*(AI3)^2*(0.0002/I3)^2
No Vp 100	EX3	F	=(AL3)^2*ET3+4*EU3+1*EV3+4*EW3
No Vp 100	EY3	F	=(AK3)^2*ET3+1*EU3+1*EV3+1*EW3
No Vp 100	EZ3	F	=(AJ3)^2*ET3+1*EU3
No Vp 100	FA3	F	=(AL3)*(AK3)*ET3+2*EU3+1*EV3+-2*EW3
No Vp 100	FB3	F	=(AL3)*(AJ3)*ET3+-2*EU3
No Vp 100	FC3	F	=(AK3)*(AJ3)*ET3+-1*EU3
No Vp 100	FD3	F	=20*(AJ3)^2/(3*((AL3)-(AK3))+4*(AJ3))^2
No Vp 100	FE3	F	=15*((AL3)-(AK3))^2/(3*((AL3)-(AK3))+4*(AJ3))^2
No Vp 100	FF3	F	=(0.2+FD3)/2
No Vp 100	FG3	F	=(-0.2-FD3)/2
No Vp 100	FH3	F	=(0.6+FE3)/2
No Vp 100	FI3	F	=SQRT(EX3)
No Vp 100	FJ3	F	=SQRT(EY3)
No Vp 100	FK3	F	=SQRT(EZ3)
No Vp 100	FL3	F	=SQRT(EX3/9+4*EY3/9+(4/9)*FA3)
No Vp 100	FM3	F	=SQRT((EX3+EY3+9*EZ3)/25+(-2*FA3+6*FB3-6*FC3)/25)
No Vp 100	FN3	F	=SQRT(FD3^2*(EX3+EY3)-2*FD3^2*FA3+FE3^2*EZ3+2*FD3*FE3*(FB3-FC3))
No Vp 100	FO3	F	=SQRT(FF3^2*EX3+FG3^2*EY3+FH3^2*EZ3+2*FF3*FG3*FA3+2*FF3*FH3*FB3+2*FG3*FH3*FC3)
No Vp 100	ET4	F	=(0.02/$B$40)^2+9*(0.001/$B$38)^2+(Q4/M4)^2
No Vp 100	EU4	F	=4*(AJ4)^2*(0.0002/G4)^2
No Vp 100	EV4	F	=4*(AH4)^2*(0.0002/H4)^2
No Vp 100	EW4	F	=4*(AI4)^2*(0.0002/I4)^2
No Vp 100	EX4	F	=(AL4)^2*ET4+4*EU4+1*EV4+4*EW4
No Vp 100	EY4	F	=(AK4)^2*ET4+1*EU4+1*EV4+1*EW4
No Vp 100	EZ4	F	=(AJ4)^2*ET4+1*EU4
No Vp 100	FA4	F	=(AL4)*(AK4)*ET4+2*EU4+1*EV4+-2*EW4
No Vp 100	FB4	F	=(AL4)*(AJ4)*ET4+-2*EU4
No Vp 100	FC4	F	=(AK4)*(AJ4)*ET4+-1*EU4
No Vp 100	FD4	F	=20*(AJ4)^2/(3*((AL4)-(AK4))+4*(AJ4))^2
No Vp 100	FE4	F	=15*((AL4)-(AK4))^2/(3*((AL4)-(AK4))+4*(AJ4))^2
No Vp 100	FF4	F	=(0.2+FD4)/2
No Vp 100	FG4	F	=(-0.2-FD4)/2
No Vp 100	FH4	F	=(0.6+FE4)/2
No Vp 100	FI4	F	=SQRT(EX4)
No Vp 100	FJ4	F	=SQRT(EY4)
No Vp 100	FK4	F	=SQRT(EZ4)
No Vp 100	FL4	F	=SQRT(EX4/9+4*EY4/9+(4/9)*FA4)
No Vp 100	FM4	F	=SQRT((EX4+EY4+9*EZ4)/25+(-2*FA4+6*FB4-6*FC4)/25)
No Vp 100	FN4	F	=SQRT(FD4^2*(EX4+EY4)-2*FD4^2*FA4+FE4^2*EZ4+2*FD4*FE4*(FB4-FC4))
No Vp 100	FO4	F	=SQRT(FF4^2*EX4+FG4^2*EY4+FH4^2*EZ4+2*FF4*FG4*FA4+2*FF4*FH4*FB4+2*FG4*FH4*FC4)
No Vp 100	ET5	F	=(0.02/$B$40)^2+9*(0.001/$B$38)^2+(Q5/M5)^2
No Vp 100	EU5	F	=4*(AJ5)^2*(0.0002/G5)^2
No Vp 100	EV5	F	=4*(AH5)^2*(0.0002/H5)^2
No Vp 100	EW5	F	=4*(AI5)^2*(0.0002/I5)^2
No Vp 100	EX5	F	=(AL5)^2*ET5+4*EU5+1*EV5+4*EW5
No Vp 100	EY5	F	=(AK5)^2*ET5+1*EU5+1*EV5+1*EW5
No Vp 100	EZ5	F	=(AJ5)^2*ET5+1*EU5
No Vp 100	FA5	F	=(AL5)*(AK5)*ET5+2*EU5+1*EV5+-2*EW5
No Vp 100	FB5	F	=(AL5)*(AJ5)*ET5+-2*EU5
No Vp 100	FC5	F	=(AK5)*(AJ5)*ET5+-1*EU5
No Vp 100	FD5	F	=20*(AJ5)^2/(3*((AL5)-(AK5))+4*(AJ5))^2
No Vp 100	FE5	F	=15*((AL5)-(AK5))^2/(3*((AL5)-(AK5))+4*(AJ5))^2
No Vp 100	FF5	F	=(0.2+FD5)/2
No Vp 100	FG5	F	=(-0.2-FD5)/2
No Vp 100	FH5	F	=(0.6+FE5)/2
No Vp 100	FI5	F	=SQRT(EX5)
No Vp 100	FJ5	F	=SQRT(EY5)
No Vp 100	FK5	F	=SQRT(EZ5)
No Vp 100	FL5	F	=SQRT(EX5/9+4*EY5/9+(4/9)*FA5)
No Vp 100	FM5	F	=SQRT((EX5+EY5+9*EZ5)/25+(-2*FA5+6*FB5-6*FC5)/25)
No Vp 100	FN5	F	=SQRT(FD5^2*(EX5+EY5)-2*FD5^2*FA5+FE5^2*EZ5+2*FD5*FE5*(FB5-FC5))
No Vp 100	FO5	F	=SQRT(FF5^2*EX5+FG5^2*EY5+FH5^2*EZ5+2*FF5*FG5*FA5+2*FF5*FH5*FB5+2*FG5*FH5*FC5)
No Vp 100	ET6	F	=(0.02/$B$40)^2+9*(0.001/$B$38)^2+(Q6/M6)^2
No Vp 100	EU6	F	=4*(AJ6)^2*(0.0002/G6)^2
No Vp 100	EV6	F	=4*(AH6)^2*(0.0002/H6)^2
No Vp 100	EW6	F	=4*(AI6)^2*(0.0002/I6)^2
No Vp 100	EX6	F	=(AL6)^2*ET6+4*EU6+1*EV6+4*EW6
No Vp 100	EY6	F	=(AK6)^2*ET6+1*EU6+1*EV6+1*EW6
No Vp 100	EZ6	F	=(AJ6)^2*ET6+1*EU6
No Vp 100	FA6	F	=(AL6)*(AK6)*ET6+2*EU6+1*EV6+-2*EW6
No Vp 100	FB6	F	=(AL6)*(AJ6)*ET6+-2*EU6
No Vp 100	FC6	F	=(AK6)*(AJ6)*ET6+-1*EU6
No Vp 100	FD6	F	=20*(AJ6)^2/(3*((AL6)-(AK6))+4*(AJ6))^2
No Vp 100	FE6	F	=15*((AL6)-(AK6))^2/(3*((AL6)-(AK6))+4*(AJ6))^2
No Vp 100	FF6	F	=(0.2+FD6)/2
No Vp 100	FG6	F	=(-0.2-FD6)/2
No Vp 100	FH6	F	=(0.6+FE6)/2
No Vp 100	FI6	F	=SQRT(EX6)
No Vp 100	FJ6	F	=SQRT(EY6)
No Vp 100	FK6	F	=SQRT(EZ6)
No Vp 100	FL6	F	=SQRT(EX6/9+4*EY6/9+(4/9)*FA6)
No Vp 100	FM6	F	=SQRT((EX6+EY6+9*EZ6)/25+(-2*FA6+6*FB6-6*FC6)/25)
No Vp 100	FN6	F	=SQRT(FD6^2*(EX6+EY6)-2*FD6^2*FA6+FE6^2*EZ6+2*FD6*FE6*(FB6-FC6))
No Vp 100	FO6	F	=SQRT(FF6^2*EX6+FG6^2*EY6+FH6^2*EZ6+2*FF6*FG6*FA6+2*FF6*FH6*FB6+2*FG6*FH6*FC6)
No Vp 100	ET7	F	=(0.02/$B$40)^2+9*(0.001/$B$38)^2+(Q7/M7)^2
No Vp 100	EU7	F	=4*(AJ7)^2*(0.0002/G7)^2
No Vp 100	EV7	F	=4*(AH7)^2*(0.0002/H7)^2
No Vp 100	EW7	F	=4*(AI7)^2*(0.0002/I7)^2
No Vp 100	EX7	F	=(AL7)^2*ET7+4*EU7+1*EV7+4*EW7
No Vp 100	EY7	F	=(AK7)^2*ET7+1*EU7+1*EV7+1*EW7
No Vp 100	EZ7	F	=(AJ7)^2*ET7+1*EU7
No Vp 100	FA7	F	=(AL7)*(AK7)*ET7+2*EU7+1*EV7+-2*EW7
No Vp 100	FB7	F	=(AL7)*(AJ7)*ET7+-2*EU7
No Vp 100	FC7	F	=(AK7)*(AJ7)*ET7+-1*EU7
No Vp 100	FD7	F	=20*(AJ7)^2/(3*((AL7)-(AK7))+4*(AJ7))^2
No Vp 100	FE7	F	=15*((AL7)-(AK7))^2/(3*((AL7)-(AK7))+4*(AJ7))^2
No Vp 100	FF7	F	=(0.2+FD7)/2
No Vp 100	FG7	F	=(-0.2-FD7)/2
No Vp 100	FH7	F	=(0.6+FE7)/2
No Vp 100	FI7	F	=SQRT(EX7)
No Vp 100	FJ7	F	=SQRT(EY7)
No Vp 100	FK7	F	=SQRT(EZ7)
No Vp 100	FL7	F	=SQRT(EX7/9+4*EY7/9+(4/9)*FA7)
No Vp 100	FM7	F	=SQRT((EX7+EY7+9*EZ7)/25+(-2*FA7+6*FB7-6*FC7)/25)
No Vp 100	FN7	F	=SQRT(FD7^2*(EX7+EY7)-2*FD7^2*FA7+FE7^2*EZ7+2*FD7*FE7*(FB7-FC7))
No Vp 100	FO7	F	=SQRT(FF7^2*EX7+FG7^2*EY7+FH7^2*EZ7+2*FF7*FG7*FA7+2*FF7*FH7*FB7+2*FG7*FH7*FC7)
No Vp 100	ET8	F	=(0.02/$B$40)^2+9*(0.001/$B$38)^2+(Q8/M8)^2
No Vp 100	EU8	F	=4*(AJ8)^2*(0.0002/G8)^2
No Vp 100	EV8	F	=4*(AH8)^2*(0.0002/H8)^2
No Vp 100	EW8	F	=4*(AI8)^2*(0.0002/I8)^2
No Vp 100	EX8	F	=(AL8)^2*ET8+4*EU8+1*EV8+4*EW8
No Vp 100	EY8	F	=(AK8)^2*ET8+1*EU8+1*EV8+1*EW8
No Vp 100	EZ8	F	=(AJ8)^2*ET8+1*EU8
No Vp 100	FA8	F	=(AL8)*(AK8)*ET8+2*EU8+1*EV8+-2*EW8
No Vp 100	FB8	F	=(AL8)*(AJ8)*ET8+-2*EU8
No Vp 100	FC8	F	=(AK8)*(AJ8)*ET8+-1*EU8
No Vp 100	FD8	F	=20*(AJ8)^2/(3*((AL8)-(AK8))+4*(AJ8))^2
No Vp 100	FE8	F	=15*((AL8)-(AK8))^2/(3*((AL8)-(AK8))+4*(AJ8))^2
No Vp 100	FF8	F	=(0.2+FD8)/2
No Vp 100	FG8	F	=(-0.2-FD8)/2
No Vp 100	FH8	F	=(0.6+FE8)/2
No Vp 100	FI8	F	=SQRT(EX8)
No Vp 100	FJ8	F	=SQRT(EY8)
No Vp 100	FK8	F	=SQRT(EZ8)
No Vp 100	FL8	F	=SQRT(EX8/9+4*EY8/9+(4/9)*FA8)
No Vp 100	FM8	F	=SQRT((EX8+EY8+9*EZ8)/25+(-2*FA8+6*FB8-6*FC8)/25)
No Vp 100	FN8	F	=SQRT(FD8^2*(EX8+EY8)-2*FD8^2*FA8+FE8^2*EZ8+2*FD8*FE8*(FB8-FC8))
No Vp 100	FO8	F	=SQRT(FF8^2*EX8+FG8^2*EY8+FH8^2*EZ8+2*FF8*FG8*FA8+2*FF8*FH8*FB8+2*FG8*FH8*FC8)
No Vp 100	ET9	F	=(0.02/$B$40)^2+9*(0.001/$B$38)^2+(Q9/M9)^2
No Vp 100	EU9	F	=4*(AJ9)^2*(0.0002/G9)^2
No Vp 100	EV9	F	=4*(AH9)^2*(0.0002/H9)^2
No Vp 100	EW9	F	=4*(AI9)^2*(0.0002/I9)^2
No Vp 100	EX9	F	=(AL9)^2*ET9+4*EU9+1*EV9+4*EW9
No Vp 100	EY9	F	=(AK9)^2*ET9+1*EU9+1*EV9+1*EW9
No Vp 100	EZ9	F	=(AJ9)^2*ET9+1*EU9
No Vp 100	FA9	F	=(AL9)*(AK9)*ET9+2*EU9+1*EV9+-2*EW9
No Vp 100	FB9	F	=(AL9)*(AJ9)*ET9+-2*EU9
No Vp 100	FC9	F	=(AK9)*(AJ9)*ET9+-1*EU9
No Vp 100	FD9	F	=20*(AJ9)^2/(3*((AL9)-(AK9))+4*(AJ9))^2
No Vp 100	FE9	F	=15*((AL9)-(AK9))^2/(3*((AL9)-(AK9))+4*(AJ9))^2
No Vp 100	FF9	F	=(0.2+FD9)/2
No Vp 100	FG9	F	=(-0.2-FD9)/2
No Vp 100	FH9	F	=(0.6+FE9)/2
No Vp 100	FI9	F	=SQRT(EX9)
No Vp 100	FJ9	F	=SQRT(EY9)
No Vp 100	FK9	F	=SQRT(EZ9)
No Vp 100	FL9	F	=SQRT(EX9/9+4*EY9/9+(4/9)*FA9)
No Vp 100	FM9	F	=SQRT((EX9+EY9+9*EZ9)/25+(-2*FA9+6*FB9-6*FC9)/25)
No Vp 100	FN9	F	=SQRT(FD9^2*(EX9+EY9)-2*FD9^2*FA9+FE9^2*EZ9+2*FD9*FE9*(FB9-FC9))
No Vp 100	FO9	F	=SQRT(FF9^2*EX9+FG9^2*EY9+FH9^2*EZ9+2*FF9*FG9*FA9+2*FF9*FH9*FB9+2*FG9*FH9*FC9)
No Vp 100	ET10	F	=(0.02/$B$40)^2+9*(0.001/$B$38)^2+(Q10/M10)^2
No Vp 100	EU10	F	=4*(AJ10)^2*(0.0002/G10)^2
No Vp 100	EV10	F	=4*(AH10)^2*(0.0002/H10)^2
No Vp 100	EW10	F	=4*(AI10)^2*(0.0002/I10)^2
No Vp 100	EX10	F	=(AL10)^2*ET10+4*EU10+1*EV10+4*EW10
No Vp 100	EY10	F	=(AK10)^2*ET10+1*EU10+1*EV10+1*EW10
No Vp 100	EZ10	F	=(AJ10)^2*ET10+1*EU10
No Vp 100	FA10	F	=(AL10)*(AK10)*ET10+2*EU10+1*EV10+-2*EW10
No Vp 100	FB10	F	=(AL10)*(AJ10)*ET10+-2*EU10
No Vp 100	FC10	F	=(AK10)*(AJ10)*ET10+-1*EU10
No Vp 100	FD10	F	=20*(AJ10)^2/(3*((AL10)-(AK10))+4*(AJ10))^2
No Vp 100	FE10	F	=15*((AL10)-(AK10))^2/(3*((AL10)-(AK10))+4*(AJ10))^2
No Vp 100	FF10	F	=(0.2+FD10)/2
No Vp 100	FG10	F	=(-0.2-FD10)/2
No Vp 100	FH10	F	=(0.6+FE10)/2
No Vp 100	FI10	F	=SQRT(EX10)
No Vp 100	FJ10	F	=SQRT(EY10)
No Vp 100	FK10	F	=SQRT(EZ10)
No Vp 100	FL10	F	=SQRT(EX10/9+4*EY10/9+(4/9)*FA10)
No Vp 100	FM10	F	=SQRT((EX10+EY10+9*EZ10)/25+(-2*FA10+6*FB10-6*FC10)/25)
No Vp 100	FN10	F	=SQRT(FD10^2*(EX10+EY10)-2*FD10^2*FA10+FE10^2*EZ10+2*FD10*FE10*(FB10-FC10))
No Vp 100	FO10	F	=SQRT(FF10^2*EX10+FG10^2*EY10+FH10^2*EZ10+2*FF10*FG10*FA10+2*FF10*FH10*FB10+2*FG10*FH10*FC10)
No Vp 100	ET11	F	=(0.02/$B$40)^2+9*(0.001/$B$38)^2+(Q11/M11)^2
No Vp 100	EU11	F	=4*(AJ11)^2*(0.0002/G11)^2
No Vp 100	EV11	F	=4*(AH11)^2*(0.0002/H11)^2
No Vp 100	EW11	F	=4*(AI11)^2*(0.0002/I11)^2
No Vp 100	EX11	F	=(AL11)^2*ET11+4*EU11+1*EV11+4*EW11
No Vp 100	EY11	F	=(AK11)^2*ET11+1*EU11+1*EV11+1*EW11
No Vp 100	EZ11	F	=(AJ11)^2*ET11+1*EU11
No Vp 100	FA11	F	=(AL11)*(AK11)*ET11+2*EU11+1*EV11+-2*EW11
No Vp 100	FB11	F	=(AL11)*(AJ11)*ET11+-2*EU11
No Vp 100	FC11	F	=(AK11)*(AJ11)*ET11+-1*EU11
No Vp 100	FD11	F	=20*(AJ11)^2/(3*((AL11)-(AK11))+4*(AJ11))^2
No Vp 100	FE11	F	=15*((AL11)-(AK11))^2/(3*((AL11)-(AK11))+4*(AJ11))^2
No Vp 100	FF11	F	=(0.2+FD11)/2
No Vp 100	FG11	F	=(-0.2-FD11)/2
No Vp 100	FH11	F	=(0.6+FE11)/2
No Vp 100	FI11	F	=SQRT(EX11)
No Vp 100	FJ11	F	=SQRT(EY11)
No Vp 100	FK11	F	=SQRT(EZ11)
No Vp 100	FL11	F	=SQRT(EX11/9+4*EY11/9+(4/9)*FA11)
No Vp 100	FM11	F	=SQRT((EX11+EY11+9*EZ11)/25+(-2*FA11+6*FB11-6*FC11)/25)
No Vp 100	FN11	F	=SQRT(FD11^2*(EX11+EY11)-2*FD11^2*FA11+FE11^2*EZ11+2*FD11*FE11*(FB11-FC11))
No Vp 100	FO11	F	=SQRT(FF11^2*EX11+FG11^2*EY11+FH11^2*EZ11+2*FF11*FG11*FA11+2*FF11*FH11*FB11+2*FG11*FH11*FC11)
No Vp 100	ET12	F	=(0.02/$B$40)^2+9*(0.001/$B$38)^2+(Q12/M12)^2
No Vp 100	EU12	F	=4*(AJ12)^2*(0.0002/G12)^2
No Vp 100	EV12	F	=4*(AH12)^2*(0.0002/H12)^2
No Vp 100	EW12	F	=4*(AI12)^2*(0.0002/I12)^2
No Vp 100	EX12	F	=(AL12)^2*ET12+4*EU12+1*EV12+4*EW12
No Vp 100	EY12	F	=(AK12)^2*ET12+1*EU12+1*EV12+1*EW12
No Vp 100	EZ12	F	=(AJ12)^2*ET12+1*EU12
No Vp 100	FA12	F	=(AL12)*(AK12)*ET12+2*EU12+1*EV12+-2*EW12
No Vp 100	FB12	F	=(AL12)*(AJ12)*ET12+-2*EU12
No Vp 100	FC12	F	=(AK12)*(AJ12)*ET12+-1*EU12
No Vp 100	FD12	F	=20*(AJ12)^2/(3*((AL12)-(AK12))+4*(AJ12))^2
No Vp 100	FE12	F	=15*((AL12)-(AK12))^2/(3*((AL12)-(AK12))+4*(AJ12))^2
No Vp 100	FF12	F	=(0.2+FD12)/2
No Vp 100	FG12	F	=(-0.2-FD12)/2
No Vp 100	FH12	F	=(0.6+FE12)/2
No Vp 100	FI12	F	=SQRT(EX12)
No Vp 100	FJ12	F	=SQRT(EY12)
No Vp 100	FK12	F	=SQRT(EZ12)
No Vp 100	FL12	F	=SQRT(EX12/9+4*EY12/9+(4/9)*FA12)
No Vp 100	FM12	F	=SQRT((EX12+EY12+9*EZ12)/25+(-2*FA12+6*FB12-6*FC12)/25)
No Vp 100	FN12	F	=SQRT(FD12^2*(EX12+EY12)-2*FD12^2*FA12+FE12^2*EZ12+2*FD12*FE12*(FB12-FC12))
No Vp 100	FO12	F	=SQRT(FF12^2*EX12+FG12^2*EY12+FH12^2*EZ12+2*FF12*FG12*FA12+2*FF12*FH12*FB12+2*FG12*FH12*FC12)
No Vp 100	ET13	F	=(0.02/$B$40)^2+9*(0.001/$B$38)^2+(Q13/M13)^2
No Vp 100	EU13	F	=4*(AJ13)^2*(0.0002/G13)^2
No Vp 100	EV13	F	=4*(AH13)^2*(0.0002/H13)^2
No Vp 100	EW13	F	=4*(AI13)^2*(0.0002/I13)^2
No Vp 100	EX13	F	=(AL13)^2*ET13+4*EU13+1*EV13+4*EW13
No Vp 100	EY13	F	=(AK13)^2*ET13+1*EU13+1*EV13+1*EW13
No Vp 100	EZ13	F	=(AJ13)^2*ET13+1*EU13
No Vp 100	FA13	F	=(AL13)*(AK13)*ET13+2*EU13+1*EV13+-2*EW13
No Vp 100	FB13	F	=(AL13)*(AJ13)*ET13+-2*EU13
No Vp 100	FC13	F	=(AK13)*(AJ13)*ET13+-1*EU13
No Vp 100	FD13	F	=20*(AJ13)^2/(3*((AL13)-(AK13))+4*(AJ13))^2
No Vp 100	FE13	F	=15*((AL13)-(AK13))^2/(3*((AL13)-(AK13))+4*(AJ13))^2
No Vp 100	FF13	F	=(0.2+FD13)/2
No Vp 100	FG13	F	=(-0.2-FD13)/2
No Vp 100	FH13	F	=(0.6+FE13)/2
No Vp 100	FI13	F	=SQRT(EX13)
No Vp 100	FJ13	F	=SQRT(EY13)
No Vp 100	FK13	F	=SQRT(EZ13)
No Vp 100	FL13	F	=SQRT(EX13/9+4*EY13/9+(4/9)*FA13)
No Vp 100	FM13	F	=SQRT((EX13+EY13+9*EZ13)/25+(-2*FA13+6*FB13-6*FC13)/25)
No Vp 100	FN13	F	=SQRT(FD13^2*(EX13+EY13)-2*FD13^2*FA13+FE13^2*EZ13+2*FD13*FE13*(FB13-FC13))
No Vp 100	FO13	F	=SQRT(FF13^2*EX13+FG13^2*EY13+FH13^2*EZ13+2*FF13*FG13*FA13+2*FF13*FH13*FB13+2*FG13*FH13*FC13)
No Vp 100	ET14	F	=(0.02/$B$40)^2+9*(0.001/$B$38)^2+(Q14/M14)^2
No Vp 100	EU14	F	=4*(AJ14)^2*(0.0002/G14)^2
No Vp 100	EV14	F	=4*(AH14)^2*(0.0002/H14)^2
No Vp 100	EW14	F	=4*(AI14)^2*(0.0002/I14)^2
No Vp 100	EX14	F	=(AL14)^2*ET14+4*EU14+1*EV14+4*EW14
No Vp 100	EY14	F	=(AK14)^2*ET14+1*EU14+1*EV14+1*EW14
No Vp 100	EZ14	F	=(AJ14)^2*ET14+1*EU14
No Vp 100	FA14	F	=(AL14)*(AK14)*ET14+2*EU14+1*EV14+-2*EW14
No Vp 100	FB14	F	=(AL14)*(AJ14)*ET14+-2*EU14
No Vp 100	FC14	F	=(AK14)*(AJ14)*ET14+-1*EU14
No Vp 100	FD14	F	=20*(AJ14)^2/(3*((AL14)-(AK14))+4*(AJ14))^2
No Vp 100	FE14	F	=15*((AL14)-(AK14))^2/(3*((AL14)-(AK14))+4*(AJ14))^2
No Vp 100	FF14	F	=(0.2+FD14)/2
No Vp 100	FG14	F	=(-0.2-FD14)/2
No Vp 100	FH14	F	=(0.6+FE14)/2
No Vp 100	FI14	F	=SQRT(EX14)
No Vp 100	FJ14	F	=SQRT(EY14)
No Vp 100	FK14	F	=SQRT(EZ14)
No Vp 100	FL14	F	=SQRT(EX14/9+4*EY14/9+(4/9)*FA14)
No Vp 100	FM14	F	=SQRT((EX14+EY14+9*EZ14)/25+(-2*FA14+6*FB14-6*FC14)/25)
No Vp 100	FN14	F	=SQRT(FD14^2*(EX14+EY14)-2*FD14^2*FA14+FE14^2*EZ14+2*FD14*FE14*(FB14-FC14))
No Vp 100	FO14	F	=SQRT(FF14^2*EX14+FG14^2*EY14+FH14^2*EZ14+2*FF14*FG14*FA14+2*FF14*FH14*FB14+2*FG14*FH14*FC14)
No Vp 100	ET15	F	=(0.02/$B$40)^2+9*(0.001/$B$38)^2+(Q15/M15)^2
No Vp 100	EU15	F	=4*(AJ15)^2*(0.0002/G15)^2
No Vp 100	EV15	F	=4*(AH15)^2*(0.0002/H15)^2
No Vp 100	EW15	F	=4*(AI15)^2*(0.0002/I15)^2
No Vp 100	EX15	F	=(AL15)^2*ET15+4*EU15+1*EV15+4*EW15
No Vp 100	EY15	F	=(AK15)^2*ET15+1*EU15+1*EV15+1*EW15
No Vp 100	EZ15	F	=(AJ15)^2*ET15+1*EU15
No Vp 100	FA15	F	=(AL15)*(AK15)*ET15+2*EU15+1*EV15+-2*EW15
No Vp 100	FB15	F	=(AL15)*(AJ15)*ET15+-2*EU15
No Vp 100	FC15	F	=(AK15)*(AJ15)*ET15+-1*EU15
No Vp 100	FD15	F	=20*(AJ15)^2/(3*((AL15)-(AK15))+4*(AJ15))^2
No Vp 100	FE15	F	=15*((AL15)-(AK15))^2/(3*((AL15)-(AK15))+4*(AJ15))^2
No Vp 100	FF15	F	=(0.2+FD15)/2
No Vp 100	FG15	F	=(-0.2-FD15)/2
No Vp 100	FH15	F	=(0.6+FE15)/2
No Vp 100	FI15	F	=SQRT(EX15)
No Vp 100	FJ15	F	=SQRT(EY15)
No Vp 100	FK15	F	=SQRT(EZ15)
No Vp 100	FL15	F	=SQRT(EX15/9+4*EY15/9+(4/9)*FA15)
No Vp 100	FM15	F	=SQRT((EX15+EY15+9*EZ15)/25+(-2*FA15+6*FB15-6*FC15)/25)
No Vp 100	FN15	F	=SQRT(FD15^2*(EX15+EY15)-2*FD15^2*FA15+FE15^2*EZ15+2*FD15*FE15*(FB15-FC15))
No Vp 100	FO15	F	=SQRT(FF15^2*EX15+FG15^2*EY15+FH15^2*EZ15+2*FF15*FG15*FA15+2*FF15*FH15*FB15+2*FG15*FH15*FC15)
No Vp 100	ET16	F	=(0.02/$B$40)^2+9*(0.001/$B$38)^2+(Q16/M16)^2
No Vp 100	EU16	F	=4*(AJ16)^2*(0.0002/G16)^2
No Vp 100	EV16	F	=4*(AH16)^2*(0.0002/H16)^2
No Vp 100	EW16	F	=4*(AI16)^2*(0.0002/I16)^2
No Vp 100	EX16	F	=(AL16)^2*ET16+4*EU16+1*EV16+4*EW16
No Vp 100	EY16	F	=(AK16)^2*ET16+1*EU16+1*EV16+1*EW16
No Vp 100	EZ16	F	=(AJ16)^2*ET16+1*EU16
No Vp 100	FA16	F	=(AL16)*(AK16)*ET16+2*EU16+1*EV16+-2*EW16
No Vp 100	FB16	F	=(AL16)*(AJ16)*ET16+-2*EU16
No Vp 100	FC16	F	=(AK16)*(AJ16)*ET16+-1*EU16
No Vp 100	FD16	F	=20*(AJ16)^2/(3*((AL16)-(AK16))+4*(AJ16))^2
No Vp 100	FE16	F	=15*((AL16)-(AK16))^2/(3*((AL16)-(AK16))+4*(AJ16))^2
No Vp 100	FF16	F	=(0.2+FD16)/2
No Vp 100	FG16	F	=(-0.2-FD16)/2
No Vp 100	FH16	F	=(0.6+FE16)/2
No Vp 100	FI16	F	=SQRT(EX16)
No Vp 100	FJ16	F	=SQRT(EY16)
No Vp 100	FK16	F	=SQRT(EZ16)
No Vp 100	FL16	F	=SQRT(EX16/9+4*EY16/9+(4/9)*FA16)
No Vp 100	FM16	F	=SQRT((EX16+EY16+9*EZ16)/25+(-2*FA16+6*FB16-6*FC16)/25)
No Vp 100	FN16	F	=SQRT(FD16^2*(EX16+EY16)-2*FD16^2*FA16+FE16^2*EZ16+2*FD16*FE16*(FB16-FC16))
No Vp 100	FO16	F	=SQRT(FF16^2*EX16+FG16^2*EY16+FH16^2*EZ16+2*FF16*FG16*FA16+2*FF16*FH16*FB16+2*FG16*FH16*FC16)
No Vp 100	ET17	F	=(0.02/$B$40)^2+9*(0.001/$B$38)^2+(Q17/M17)^2
No Vp 100	EU17	F	=4*(AJ17)^2*(0.0002/G17)^2
No Vp 100	EV17	F	=4*(AH17)^2*(0.0002/H17)^2
No Vp 100	EW17	F	=4*(AI17)^2*(0.0002/I17)^2
No Vp 100	EX17	F	=(AL17)^2*ET17+4*EU17+1*EV17+4*EW17
No Vp 100	EY17	F	=(AK17)^2*ET17+1*EU17+1*EV17+1*EW17
No Vp 100	EZ17	F	=(AJ17)^2*ET17+1*EU17
No Vp 100	FA17	F	=(AL17)*(AK17)*ET17+2*EU17+1*EV17+-2*EW17
No Vp 100	FB17	F	=(AL17)*(AJ17)*ET17+-2*EU17
No Vp 100	FC17	F	=(AK17)*(AJ17)*ET17+-1*EU17
No Vp 100	FD17	F	=20*(AJ17)^2/(3*((AL17)-(AK17))+4*(AJ17))^2
No Vp 100	FE17	F	=15*((AL17)-(AK17))^2/(3*((AL17)-(AK17))+4*(AJ17))^2
No Vp 100	FF17	F	=(0.2+FD17)/2
No Vp 100	FG17	F	=(-0.2-FD17)/2
No Vp 100	FH17	F	=(0.6+FE17)/2
No Vp 100	FI17	F	=SQRT(EX17)
No Vp 100	FJ17	F	=SQRT(EY17)
No Vp 100	FK17	F	=SQRT(EZ17)
No Vp 100	FL17	F	=SQRT(EX17/9+4*EY17/9+(4/9)*FA17)
No Vp 100	FM17	F	=SQRT((EX17+EY17+9*EZ17)/25+(-2*FA17+6*FB17-6*FC17)/25)
No Vp 100	FN17	F	=SQRT(FD17^2*(EX17+EY17)-2*FD17^2*FA17+FE17^2*EZ17+2*FD17*FE17*(FB17-FC17))
No Vp 100	FO17	F	=SQRT(FF17^2*EX17+FG17^2*EY17+FH17^2*EZ17+2*FF17*FG17*FA17+2*FF17*FH17*FB17+2*FG17*FH17*FC17)
No Vp 100	ET18	F	=(0.02/$B$40)^2+9*(0.001/$B$38)^2+(Q18/M18)^2
No Vp 100	EU18	F	=4*(AJ18)^2*(0.0002/G18)^2
No Vp 100	EV18	F	=4*(AH18)^2*(0.0002/H18)^2
No Vp 100	EW18	F	=4*(AI18)^2*(0.0002/I18)^2
No Vp 100	EX18	F	=(AL18)^2*ET18+4*EU18+1*EV18+4*EW18
No Vp 100	EY18	F	=(AK18)^2*ET18+1*EU18+1*EV18+1*EW18
No Vp 100	EZ18	F	=(AJ18)^2*ET18+1*EU18
No Vp 100	FA18	F	=(AL18)*(AK18)*ET18+2*EU18+1*EV18+-2*EW18
No Vp 100	FB18	F	=(AL18)*(AJ18)*ET18+-2*EU18
No Vp 100	FC18	F	=(AK18)*(AJ18)*ET18+-1*EU18
No Vp 100	FD18	F	=20*(AJ18)^2/(3*((AL18)-(AK18))+4*(AJ18))^2
No Vp 100	FE18	F	=15*((AL18)-(AK18))^2/(3*((AL18)-(AK18))+4*(AJ18))^2
No Vp 100	FF18	F	=(0.2+FD18)/2
No Vp 100	FG18	F	=(-0.2-FD18)/2
No Vp 100	FH18	F	=(0.6+FE18)/2
No Vp 100	FI18	F	=SQRT(EX18)
No Vp 100	FJ18	F	=SQRT(EY18)
No Vp 100	FK18	F	=SQRT(EZ18)
No Vp 100	FL18	F	=SQRT(EX18/9+4*EY18/9+(4/9)*FA18)
No Vp 100	FM18	F	=SQRT((EX18+EY18+9*EZ18)/25+(-2*FA18+6*FB18-6*FC18)/25)
No Vp 100	FN18	F	=SQRT(FD18^2*(EX18+EY18)-2*FD18^2*FA18+FE18^2*EZ18+2*FD18*FE18*(FB18-FC18))
No Vp 100	FO18	F	=SQRT(FF18^2*EX18+FG18^2*EY18+FH18^2*EZ18+2*FF18*FG18*FA18+2*FF18*FH18*FB18+2*FG18*FH18*FC18)
No Vp 100	ET19	F	=(0.02/$B$40)^2+9*(0.001/$B$38)^2+(Q19/M19)^2
No Vp 100	EU19	F	=4*(AJ19)^2*(0.0002/G19)^2
No Vp 100	EV19	F	=4*(AH19)^2*(0.0002/H19)^2
No Vp 100	EW19	F	=4*(AI19)^2*(0.0002/I19)^2
No Vp 100	EX19	F	=(AL19)^2*ET19+4*EU19+1*EV19+4*EW19
No Vp 100	EY19	F	=(AK19)^2*ET19+1*EU19+1*EV19+1*EW19
No Vp 100	EZ19	F	=(AJ19)^2*ET19+1*EU19
No Vp 100	FA19	F	=(AL19)*(AK19)*ET19+2*EU19+1*EV19+-2*EW19
No Vp 100	FB19	F	=(AL19)*(AJ19)*ET19+-2*EU19
No Vp 100	FC19	F	=(AK19)*(AJ19)*ET19+-1*EU19
No Vp 100	FD19	F	=20*(AJ19)^2/(3*((AL19)-(AK19))+4*(AJ19))^2
No Vp 100	FE19	F	=15*((AL19)-(AK19))^2/(3*((AL19)-(AK19))+4*(AJ19))^2
No Vp 100	FF19	F	=(0.2+FD19)/2
No Vp 100	FG19	F	=(-0.2-FD19)/2
No Vp 100	FH19	F	=(0.6+FE19)/2
No Vp 100	FI19	F	=SQRT(EX19)
No Vp 100	FJ19	F	=SQRT(EY19)
No Vp 100	FK19	F	=SQRT(EZ19)
No Vp 100	FL19	F	=SQRT(EX19/9+4*EY19/9+(4/9)*FA19)
No Vp 100	FM19	F	=SQRT((EX19+EY19+9*EZ19)/25+(-2*FA19+6*FB19-6*FC19)/25)
No Vp 100	FN19	F	=SQRT(FD19^2*(EX19+EY19)-2*FD19^2*FA19+FE19^2*EZ19+2*FD19*FE19*(FB19-FC19))
No Vp 100	FO19	F	=SQRT(FF19^2*EX19+FG19^2*EY19+FH19^2*EZ19+2*FF19*FG19*FA19+2*FF19*FH19*FB19+2*FG19*FH19*FC19)
No Vp 100	ET20	F	=(0.02/$B$40)^2+9*(0.001/$B$38)^2+(Q20/M20)^2
No Vp 100	EU20	F	=4*(AJ20)^2*(0.0002/G20)^2
No Vp 100	EV20	F	=4*(AH20)^2*(0.0002/H20)^2
No Vp 100	EW20	F	=4*(AI20)^2*(0.0002/I20)^2
No Vp 100	EX20	F	=(AL20)^2*ET20+4*EU20+1*EV20+4*EW20
No Vp 100	EY20	F	=(AK20)^2*ET20+1*EU20+1*EV20+1*EW20
No Vp 100	EZ20	F	=(AJ20)^2*ET20+1*EU20
No Vp 100	FA20	F	=(AL20)*(AK20)*ET20+2*EU20+1*EV20+-2*EW20
No Vp 100	FB20	F	=(AL20)*(AJ20)*ET20+-2*EU20
No Vp 100	FC20	F	=(AK20)*(AJ20)*ET20+-1*EU20
No Vp 100	FD20	F	=20*(AJ20)^2/(3*((AL20)-(AK20))+4*(AJ20))^2
No Vp 100	FE20	F	=15*((AL20)-(AK20))^2/(3*((AL20)-(AK20))+4*(AJ20))^2
No Vp 100	FF20	F	=(0.2+FD20)/2
No Vp 100	FG20	F	=(-0.2-FD20)/2
No Vp 100	FH20	F	=(0.6+FE20)/2
No Vp 100	FI20	F	=SQRT(EX20)
No Vp 100	FJ20	F	=SQRT(EY20)
No Vp 100	FK20	F	=SQRT(EZ20)
No Vp 100	FL20	F	=SQRT(EX20/9+4*EY20/9+(4/9)*FA20)
No Vp 100	FM20	F	=SQRT((EX20+EY20+9*EZ20)/25+(-2*FA20+6*FB20-6*FC20)/25)
No Vp 100	FN20	F	=SQRT(FD20^2*(EX20+EY20)-2*FD20^2*FA20+FE20^2*EZ20+2*FD20*FE20*(FB20-FC20))
No Vp 100	FO20	F	=SQRT(FF20^2*EX20+FG20^2*EY20+FH20^2*EZ20+2*FF20*FG20*FA20+2*FF20*FH20*FB20+2*FG20*FH20*FC20)
No Vp 100	ET21	F	=(0.02/$B$40)^2+9*(0.001/$B$38)^2+(Q21/M21)^2
No Vp 100	EU21	F	=4*(AJ21)^2*(0.0002/G21)^2
No Vp 100	EV21	F	=4*(AH21)^2*(0.0002/H21)^2
No Vp 100	EW21	F	=4*(AI21)^2*(0.0002/I21)^2
No Vp 100	EX21	F	=(AL21)^2*ET21+4*EU21+1*EV21+4*EW21
No Vp 100	EY21	F	=(AK21)^2*ET21+1*EU21+1*EV21+1*EW21
No Vp 100	EZ21	F	=(AJ21)^2*ET21+1*EU21
No Vp 100	FA21	F	=(AL21)*(AK21)*ET21+2*EU21+1*EV21+-2*EW21
No Vp 100	FB21	F	=(AL21)*(AJ21)*ET21+-2*EU21
No Vp 100	FC21	F	=(AK21)*(AJ21)*ET21+-1*EU21
No Vp 100	FD21	F	=20*(AJ21)^2/(3*((AL21)-(AK21))+4*(AJ21))^2
No Vp 100	FE21	F	=15*((AL21)-(AK21))^2/(3*((AL21)-(AK21))+4*(AJ21))^2
No Vp 100	FF21	F	=(0.2+FD21)/2
No Vp 100	FG21	F	=(-0.2-FD21)/2
No Vp 100	FH21	F	=(0.6+FE21)/2
No Vp 100	FI21	F	=SQRT(EX21)
No Vp 100	FJ21	F	=SQRT(EY21)
No Vp 100	FK21	F	=SQRT(EZ21)
No Vp 100	FL21	F	=SQRT(EX21/9+4*EY21/9+(4/9)*FA21)
No Vp 100	FM21	F	=SQRT((EX21+EY21+9*EZ21)/25+(-2*FA21+6*FB21-6*FC21)/25)
No Vp 100	FN21	F	=SQRT(FD21^2*(EX21+EY21)-2*FD21^2*FA21+FE21^2*EZ21+2*FD21*FE21*(FB21-FC21))
No Vp 100	FO21	F	=SQRT(FF21^2*EX21+FG21^2*EY21+FH21^2*EZ21+2*FF21*FG21*FA21+2*FF21*FH21*FB21+2*FG21*FH21*FC21)
No Vp 100	ET22	F	=(0.02/$B$40)^2+9*(0.001/$B$38)^2+(Q22/M22)^2
No Vp 100	EU22	F	=4*(AJ22)^2*(0.0002/G22)^2
No Vp 100	EV22	F	=4*(AH22)^2*(0.0002/H22)^2
No Vp 100	EW22	F	=4*(AI22)^2*(0.0002/I22)^2
No Vp 100	EX22	F	=(AL22)^2*ET22+4*EU22+1*EV22+4*EW22
No Vp 100	EY22	F	=(AK22)^2*ET22+1*EU22+1*EV22+1*EW22
No Vp 100	EZ22	F	=(AJ22)^2*ET22+1*EU22
No Vp 100	FA22	F	=(AL22)*(AK22)*ET22+2*EU22+1*EV22+-2*EW22
No Vp 100	FB22	F	=(AL22)*(AJ22)*ET22+-2*EU22
No Vp 100	FC22	F	=(AK22)*(AJ22)*ET22+-1*EU22
No Vp 100	FD22	F	=20*(AJ22)^2/(3*((AL22)-(AK22))+4*(AJ22))^2
No Vp 100	FE22	F	=15*((AL22)-(AK22))^2/(3*((AL22)-(AK22))+4*(AJ22))^2
No Vp 100	FF22	F	=(0.2+FD22)/2
No Vp 100	FG22	F	=(-0.2-FD22)/2
No Vp 100	FH22	F	=(0.6+FE22)/2
No Vp 100	FI22	F	=SQRT(EX22)
No Vp 100	FJ22	F	=SQRT(EY22)
No Vp 100	FK22	F	=SQRT(EZ22)
No Vp 100	FL22	F	=SQRT(EX22/9+4*EY22/9+(4/9)*FA22)
No Vp 100	FM22	F	=SQRT((EX22+EY22+9*EZ22)/25+(-2*FA22+6*FB22-6*FC22)/25)
No Vp 100	FN22	F	=SQRT(FD22^2*(EX22+EY22)-2*FD22^2*FA22+FE22^2*EZ22+2*FD22*FE22*(FB22-FC22))
No Vp 100	FO22	F	=SQRT(FF22^2*EX22+FG22^2*EY22+FH22^2*EZ22+2*FF22*FG22*FA22+2*FF22*FH22*FB22+2*FG22*FH22*FC22)
No Vp 100	ET23	F	=(0.02/$B$40)^2+9*(0.001/$B$38)^2+(Q23/M23)^2
No Vp 100	EU23	F	=4*(AJ23)^2*(0.0002/G23)^2
No Vp 100	EV23	F	=4*(AH23)^2*(0.0002/H23)^2
No Vp 100	EW23	F	=4*(AI23)^2*(0.0002/I23)^2
No Vp 100	EX23	F	=(AL23)^2*ET23+4*EU23+1*EV23+4*EW23
No Vp 100	EY23	F	=(AK23)^2*ET23+1*EU23+1*EV23+1*EW23
No Vp 100	EZ23	F	=(AJ23)^2*ET23+1*EU23
No Vp 100	FA23	F	=(AL23)*(AK23)*ET23+2*EU23+1*EV23+-2*EW23
No Vp 100	FB23	F	=(AL23)*(AJ23)*ET23+-2*EU23
No Vp 100	FC23	F	=(AK23)*(AJ23)*ET23+-1*EU23
No Vp 100	FD23	F	=20*(AJ23)^2/(3*((AL23)-(AK23))+4*(AJ23))^2
No Vp 100	FE23	F	=15*((AL23)-(AK23))^2/(3*((AL23)-(AK23))+4*(AJ23))^2
No Vp 100	FF23	F	=(0.2+FD23)/2
No Vp 100	FG23	F	=(-0.2-FD23)/2
No Vp 100	FH23	F	=(0.6+FE23)/2
No Vp 100	FI23	F	=SQRT(EX23)
No Vp 100	FJ23	F	=SQRT(EY23)
No Vp 100	FK23	F	=SQRT(EZ23)
No Vp 100	FL23	F	=SQRT(EX23/9+4*EY23/9+(4/9)*FA23)
No Vp 100	FM23	F	=SQRT((EX23+EY23+9*EZ23)/25+(-2*FA23+6*FB23-6*FC23)/25)
No Vp 100	FN23	F	=SQRT(FD23^2*(EX23+EY23)-2*FD23^2*FA23+FE23^2*EZ23+2*FD23*FE23*(FB23-FC23))
No Vp 100	FO23	F	=SQRT(FF23^2*EX23+FG23^2*EY23+FH23^2*EZ23+2*FF23*FG23*FA23+2*FF23*FH23*FB23+2*FG23*FH23*FC23)
No Vp 100	AB2	F	=SQRT((Q2/M2)^2+(0.0002/I2)^2)*AD2
No Vp 100	AB3	F	=SQRT((Q3/M3)^2+(0.0002/I3)^2)*AD3
No Vp 100	AB4	F	=SQRT((Q4/M4)^2+(0.0002/I4)^2)*AD4
No Vp 100	AB5	F	=SQRT((Q5/M5)^2+(0.0002/I5)^2)*AD5
No Vp 100	AB6	F	=SQRT((Q6/M6)^2+(0.0002/I6)^2)*AD6
No Vp 100	AB7	F	=SQRT((Q7/M7)^2+(0.0002/I7)^2)*AD7
No Vp 100	AB8	F	=SQRT((Q8/M8)^2+(0.0002/I8)^2)*AD8
No Vp 100	AB9	F	=SQRT((Q9/M9)^2+(0.0002/I9)^2)*AD9
No Vp 100	AB10	F	=SQRT((Q10/M10)^2+(0.0002/I10)^2)*AD10
No Vp 100	AB11	F	=SQRT((Q11/M11)^2+(0.0002/I11)^2)*AD11
No Vp 100	AB12	F	=SQRT((Q12/M12)^2+(0.0002/I12)^2)*AD12
No Vp 100	AB13	F	=SQRT((Q13/M13)^2+(0.0002/I13)^2)*AD13
No Vp 100	AB14	F	=SQRT((Q14/M14)^2+(0.0002/I14)^2)*AD14
No Vp 100	AB15	F	=SQRT((Q15/M15)^2+(0.0002/I15)^2)*AD15
No Vp 100	AB16	F	=SQRT((Q16/M16)^2+(0.0002/I16)^2)*AD16
No Vp 100	AB17	F	=SQRT((Q17/M17)^2+(0.0002/I17)^2)*AD17
No Vp 100	AB18	F	=SQRT((Q18/M18)^2+(0.0002/I18)^2)*AD18
No Vp 100	AB19	F	=SQRT((Q19/M19)^2+(0.0002/I19)^2)*AD19
No Vp 100	AB20	F	=SQRT((Q20/M20)^2+(0.0002/I20)^2)*AD20
No Vp 100	AB21	F	=SQRT((Q21/M21)^2+(0.0002/I21)^2)*AD21
No Vp 100	AB22	F	=SQRT((Q22/M22)^2+(0.0002/I22)^2)*AD22
No Vp 100	AB23	F	=SQRT((Q23/M23)^2+(0.0002/I23)^2)*AD23